"","movies","sex","age","couplenumber","months_together","money_spend","student","fan","fav_drinks","shop_hab","see_new_movie"
"1",0,"male",51.6,244,274,26,0,1,"cola, beer, fanta, ice tea, red bull",3,0
"2",0,"male",23.2,71,16,25,0,1,"fanta, cola, ice tea, beer, red bull",3,0
"3",1,"male",29.4,129,57,25,0,1,"cola, beer, red bull, fanta, ice tea",3,0
"4",3,"female",26.2,4,89,19,1,1,"cola, fanta, beer, ice tea, red bull",3,0
"5",0,"female",26.8,199,41,16,0,1,"fanta, cola, beer, red bull, ice tea",1,0
"6",2,"male",33.6,32,116,29,0,NA,"fanta, cola, red bull, beer, ice tea",3,0
"7",3,"male",27.7,484,77,25,0,3,"cola, ice tea, red bull, fanta, beer",2,0
"8",0,"female",31.6,307,32,20,0,1,"cola, fanta, ice tea, beer, red bull",3,0
"9",8,"male",39.9,44,14,21,0,5,"cola, ice tea, beer, fanta, red bull",3,1
"10",0,"female",21.6,183,12,23,0,1,"fanta, ice tea, cola, red bull, beer",1,0
"11",0,"male",41.4,415,166,26,0,1,"fanta, cola, beer, red bull, ice tea",3,0
"12",0,"female",34.6,450,60,19,0,1,"beer, cola, fanta, ice tea, red bull",3,0
"13",0,"male",34.8,308,22,19,0,1,"cola, beer, fanta, ice tea, red bull",1,0
"14",0,"male",19.9,392,2,29,0,1,"cola, beer, fanta, red bull, ice tea",1,0
"15",1,"female",46.4,225,72,20,0,1,"cola, beer, fanta, red bull, ice tea",1,0
"16",8,"female",36.8,182,39,21,0,5,"fanta, beer, red bull, cola, ice tea",1,1
"17",0,"female",32.6,333,57,19,0,1,"ice tea, cola, beer, fanta, red bull",1,0
"18",0,"male",34.4,242,52,30,0,1,"beer, cola, ice tea, fanta, red bull",3,0
"19",0,"male",32,198,67,24,0,1,"beer, cola, fanta, ice tea, red bull",3,0
"20",1,"male",29.6,160,80,26,0,1,"cola, beer, fanta, ice tea, red bull",3,0
"21",8,"male",25.3,319,6,21,1,5,"fanta, cola, beer, ice tea, red bull",1,1
"22",3,"female",29.6,320,15,20,0,2,"fanta, cola, beer, ice tea, red bull",3,0
"23",8,"female",39,440,192,18,0,4,"beer, cola, ice tea, fanta, red bull",3,1
"24",0,"female",39.7,304,170,22,0,1,"cola, beer, fanta, red bull, ice tea",3,0
"25",0,"male",28.5,323,18,28,0,1,"beer, fanta, cola, ice tea, red bull",3,0
"26",1,"female",29.8,114,115,19,0,3,"cola, ice tea, beer, red bull, fanta",3,0
"27",8,"male",31.3,360,74,24,0,5,"cola, beer, fanta, ice tea, red bull",3,1
"28",1,"female",36.2,158,90,20,0,1,"fanta, cola, beer, red bull, ice tea",3,0
"29",1,"male",32.2,391,41,27,0,1,"cola, fanta, beer, ice tea, red bull",3,0
"30",0,"female",28.7,107,1,19,0,1,"red bull, ice tea, cola, beer, fanta",3,0
"31",3,"female",28.4,148,85,21,0,2,"cola, fanta, beer, ice tea, red bull",3,0
"32",8,"female",51.5,139,186,18,0,5,"fanta, beer, cola, red bull, ice tea",1,1
"33",0,"male",35.2,425,109,26,0,1,"red bull, ice tea, cola, fanta, beer",3,0
"34",0,"female",34,57,86,20,0,1,"cola, red bull, fanta, beer, ice tea",3,0
"35",1,"female",24,256,12,20,1,1,"beer, fanta, cola, red bull, ice tea",3,0
"36",8,"male",24.2,91,3,24,1,5,"ice tea, cola, beer, fanta, red bull",2,1
"37",2,"male",20.8,183,12,29,1,1,"ice tea, fanta, cola, beer, red bull",2,0
"38",1,"male",31.3,22,75,22,0,2,"red bull, cola, beer, ice tea, fanta",1,0
"39",0,"male",27.8,228,18,28,0,1,"fanta, cola, beer, ice tea, red bull",1,0
"40",0,"female",31.4,465,30,19,0,1,"beer, cola, fanta, ice tea, red bull",1,0
"41",1,"male",29.9,325,18,25,0,2,"ice tea, cola, fanta, beer, red bull",1,0
"42",1,"female",23.7,358,8,20,0,2,"cola, fanta, ice tea, beer, red bull",1,0
"43",0,"female",21.6,474,7,23,1,1,"beer, fanta, cola, red bull, ice tea",1,0
"44",0,"male",21.5,126,18,27,1,1,"ice tea, beer, fanta, red bull, cola",3,0
"45",0,"male",24.7,48,23,21,1,1,"cola, fanta, beer, red bull, ice tea",1,0
"46",0,"female",43.5,194,214,21,0,1,"cola, beer, fanta, ice tea, red bull",1,0
"47",3,NA,60.6,166,294,22,0,3,"cola, beer, fanta, red bull, ice tea",3,0
"48",2,"female",57.3,251,261,20,0,3,"cola, beer, fanta, red bull, ice tea",3,0
"49",1,"male",20.1,445,24,24,1,2,"fanta, beer, ice tea, cola, red bull",1,0
"50",8,"female",43.6,45,10,20,0,4,"fanta, red bull, cola, beer, ice tea",3,1
"51",3,"male",37.6,36,223,26,0,NA,"fanta, cola, beer, red bull, ice tea",1,1
"52",8,"female",27.9,95,67,21,0,5,"ice tea, cola, red bull, fanta, beer",3,1
"53",0,"male",49.2,181,135,26,0,1,"cola, beer, red bull, ice tea, fanta",2,0
"54",0,"female",36.7,203,97,18,0,1,"cola, ice tea, beer, red bull, fanta",1,0
"55",0,"male",20.1,9,21,22,1,1,"ice tea, beer, fanta, cola, red bull",3,0
"56",0,"female",18.3,392,2,21,1,1,"fanta, beer, cola, red bull, ice tea",3,0
"57",7,"female",18.4,468,16,20,1,3,"fanta, cola, beer, ice tea, red bull",3,1
"58",8,"male",21.2,471,8,25,1,5,"ice tea, cola, fanta, beer, red bull",1,1
"59",3,"female",19.3,267,8,22,1,1,"fanta, beer, cola, ice tea, red bull",3,0
"60",7,"male",23.7,357,6,26,0,4,"fanta, cola, ice tea, red bull, beer",3,0
"61",5,"male",22,167,21,23,1,3,"fanta, cola, beer, red bull, ice tea",3,1
"62",0,"male",61.4,251,261,24,0,1,"red bull, cola, beer, fanta, ice tea",3,0
"63",0,"male",28.8,249,93,25,0,1,"beer, cola, ice tea, fanta, red bull",3,0
"64",0,"female",19.3,274,11,21,1,1,"fanta, red bull, beer, cola, ice tea",3,0
"65",0,"male",30.5,199,41,23,0,1,"fanta, cola, beer, red bull, ice tea",3,0
"66",8,"female",37.7,6,43,19,0,5,"fanta, beer, cola, red bull, ice tea",1,1
"67",0,"female",41.4,111,192,19,0,1,"red bull, cola, beer, ice tea, fanta",3,0
"68",7,"female",40.5,477,118,22,0,5,"fanta, beer, cola, red bull, ice tea",3,1
"69",7,"male",39.7,229,1,26,0,3,"cola, red bull, beer, fanta, ice tea",2,1
"70",3,"male",37.1,83,5,22,0,2,"cola, fanta, beer, ice tea, red bull",2,0
"71",7,"female",20.9,424,2,21,1,5,"fanta, beer, cola, red bull, ice tea",2,1
"72",1,"male",42.6,302,177,23,0,2,"cola, red bull, beer, fanta, ice tea",3,1
"73",1,"male",38.2,208,167,22,0,1,"cola, fanta, red bull, beer, ice tea",2,0
"74",0,"male",33.3,372,113,27,0,1,"cola, beer, fanta, ice tea, red bull",1,0
"75",3,"female",21.1,211,23,21,1,2,"fanta, cola, red bull, beer, ice tea",3,0
"76",1,"female",27.3,142,17,19,0,1,"cola, fanta, beer, red bull, ice tea",3,0
"77",8,"female",24.8,216,21,20,1,5,"beer, fanta, red bull, cola, ice tea",3,1
"78",7,"female",34.7,187,95,24,0,5,"cola, beer, ice tea, red bull, fanta",3,1
"79",1,"female",31.4,464,1,18,0,2,"cola, beer, ice tea, fanta, red bull",3,1
"80",5,"male",19.8,382,17,27,1,4,"fanta, cola, beer, red bull, ice tea",1,1
"81",0,"male",22.9,144,7,26,1,1,"fanta, beer, cola, red bull, ice tea",2,0
"82",1,"female",20.4,42,17,20,1,2,"beer, red bull, fanta, cola, ice tea",2,0
"83",0,"male",28.4,123,86,27,0,1,"beer, fanta, cola, red bull, ice tea",2,0
"84",2,"male",32.6,114,115,25,0,1,"cola, ice tea, beer, fanta, red bull",2,0
"85",3,"male",46.3,338,4,20,0,1,"cola, fanta, beer, red bull, ice tea",1,0
"86",7,"female",51.2,396,191,20,0,5,"ice tea, cola, red bull, beer, fanta",3,1
"87",3,"female",37.2,17,58,19,0,1,"beer, cola, fanta, red bull, ice tea",2,0
"88",7,"male",42.9,364,12,25,0,5,"fanta, cola, red bull, ice tea, beer",3,1
"89",2,"female",23.8,423,22,20,1,1,"beer, fanta, cola, ice tea, red bull",3,0
"90",0,"male",30.2,420,83,28,0,1,"red bull, beer, cola, fanta, ice tea",1,0
"91",7,"male",28.8,424,2,25,0,4,"beer, fanta, cola, red bull, ice tea",3,1
"92",5,"male",32.7,330,96,25,0,4,"ice tea, beer, cola, fanta, red bull",3,1
"93",1,"male",36,75,210,19,0,2,"cola, red bull, fanta, beer, ice tea",1,0
"94",0,"male",21.8,146,1,25,1,1,"fanta, cola, red bull, beer, ice tea",1,0
"95",3,"female",41.4,188,92,19,0,3,"fanta, ice tea, cola, beer, red bull",3,1
"96",8,"female",39.7,231,217,21,0,4,"ice tea, beer, cola, red bull, fanta",3,1
"97",3,"male",23,239,8,28,0,3,"cola, ice tea, fanta, beer, red bull",3,0
"98",0,"female",31.7,495,37,22,0,1,"cola, red bull, fanta, ice tea, beer",3,0
"99",8,"male",26.4,492,21,26,1,5,"fanta, cola, beer, ice tea, red bull",1,1
"100",0,"female",19.2,416,4,20,0,1,"beer, red bull, cola, fanta, ice tea",2,0
"101",3,"female",34.2,369,58,20,0,2,"cola, beer, red bull, ice tea, fanta",2,0
"102",0,"male",37.7,495,37,29,0,1,"cola, beer, fanta, red bull, ice tea",3,0
"103",3,"female",26.1,51,38,19,1,1,"fanta, ice tea, red bull, cola, beer",1,0
"104",0,"male",40.1,64,142,25,0,1,"fanta, cola, red bull, ice tea, beer",3,0
"105",0,"female",29.9,496,77,19,0,1,"red bull, cola, ice tea, beer, fanta",2,0
"106",0,"female",42,268,29,15,0,1,"fanta, red bull, beer, cola, ice tea",1,0
"107",3,"female",43.1,276,26,18,0,1,"red bull, cola, fanta, beer, ice tea",1,0
"108",4,"male",44,282,193,26,0,5,"cola, beer, fanta, ice tea, red bull",3,0
"109",1,"male",37.5,40,222,28,0,NA,"cola, fanta, ice tea, beer, red bull",3,0
"110",0,"female",32.9,165,4,18,0,1,"fanta, red bull, beer, cola, ice tea",3,0
"111",0,"male",26.9,113,16,25,1,1,"fanta, ice tea, beer, cola, red bull",2,0
"112",3,"male",33.1,31,37,24,0,NA,"cola, beer, fanta, ice tea, red bull",3,0
"113",5,"male",25.2,413,2,24,0,4,"beer, cola, fanta, red bull, ice tea",1,1
"114",3,"male",33.1,347,107,25,0,2,"fanta, red bull, ice tea, beer, cola",3,0
"115",2,"female",42.7,212,13,19,0,2,"cola, fanta, beer, ice tea, red bull",1,1
"116",8,"male",20.8,467,18,25,1,5,"cola, fanta, beer, ice tea, red bull",1,1
"117",7,"male",21.3,266,10,25,1,5,"cola, fanta, beer, red bull, ice tea",1,0
"118",7,"male",48.5,79,337,26,0,4,"cola, beer, red bull, fanta, ice tea",3,1
"119",2,"female",31.4,151,97,20,0,1,"cola, beer, fanta, red bull, ice tea",2,1
"120",2,"female",25.8,224,12,22,1,2,"beer, red bull, fanta, cola, ice tea",3,0
"121",3,"male",40.1,138,13,24,0,1,"cola, beer, ice tea, fanta, red bull",3,0
"122",6,"female",18,34,21,18,1,4,"fanta, cola, ice tea, beer, red bull",1,1
"123",0,"female",18,118,21,20,1,1,"beer, fanta, red bull, cola, ice tea",3,0
"124",0,"male",26.5,406,1,24,1,1,"fanta, beer, cola, ice tea, red bull",3,0
"125",0,"female",36.9,175,177,20,0,1,"beer, red bull, cola, fanta, ice tea",2,0
"126",6,"male",24.4,500,22,22,0,3,"fanta, cola, beer, red bull, ice tea",3,0
"127",0,"female",19.6,156,3,19,1,1,"fanta, beer, red bull, ice tea, cola",3,0
"128",7,"male",31.6,418,78,29,0,5,"beer, ice tea, cola, red bull, fanta",2,1
"129",3,"female",25.2,271,41,18,0,3,"fanta, cola, ice tea, red bull, beer",1,1
"130",3,"female",35.1,153,125,20,0,4,"cola, red bull, beer, ice tea, fanta",3,0
"131",0,"female",34.4,384,56,21,0,1,"ice tea, beer, cola, fanta, red bull",2,0
"132",6,"male",27.3,498,6,22,0,3,"beer, cola, red bull, fanta, ice tea",3,1
"133",1,"male",43,411,109,28,0,2,"cola, fanta, red bull, beer, ice tea",3,0
"134",0,"female",35,314,127,22,0,1,"cola, beer, ice tea, red bull, fanta",1,0
"135",0,"male",30.8,465,30,18,0,1,"fanta, ice tea, cola, beer, red bull",3,0
"136",7,"male",25.4,293,1,26,0,4,"fanta, red bull, beer, cola, ice tea",2,1
"137",0,"male",23.8,303,9,25,1,1,"fanta, cola, beer, ice tea, red bull",1,0
"138",1,"female",40.3,415,166,25,0,2,"ice tea, cola, red bull, beer, fanta",3,0
"139",0,"female",24.5,406,1,18,1,1,"fanta, cola, beer, red bull, ice tea",3,0
"140",4,"male",40.1,479,204,26,0,4,"cola, beer, ice tea, red bull, fanta",3,0
"141",3,"male",52.3,385,122,22,0,2,"ice tea, red bull, cola, beer, fanta",2,0
"142",0,"female",18.4,346,13,18,1,1,"fanta, ice tea, beer, cola, red bull",1,0
"143",2,"female",32.1,370,45,20,0,2,"cola, beer, fanta, ice tea, red bull",3,0
"144",7,"male",33.6,438,98,20,0,4,"fanta, beer, red bull, cola, ice tea",2,1
"145",7,"male",31.1,365,79,24,0,5,"cola, fanta, beer, red bull, ice tea",1,1
"146",4,"male",25.1,472,66,25,0,4,"cola, red bull, beer, ice tea, fanta",1,1
"147",3,"male",38.8,169,67,25,0,3,"cola, fanta, beer, ice tea, red bull",3,1
"148",7,"male",43.8,309,70,27,0,5,"cola, fanta, beer, red bull, ice tea",3,1
"149",1,"female",27.3,347,107,21,0,3,"red bull, cola, fanta, beer, ice tea",3,0
"150",8,"male",26.4,16,19,29,1,5,"fanta, cola, red bull, beer, ice tea",3,1
"151",2,"male",46.2,39,165,21,0,NA,"beer, fanta, cola, ice tea, red bull",1,0
"152",0,"male",59.3,21,242,23,0,1,"beer, cola, ice tea, fanta, red bull",3,0
"153",0,"male",24.3,162,12,24,0,1,"cola, red bull, fanta, ice tea, beer",3,0
"154",1,"male",32.9,378,57,23,0,2,"ice tea, beer, red bull, cola, fanta",2,0
"155",0,"male",33.3,74,23,28,0,1,"cola, fanta, ice tea, beer, red bull",3,0
"156",6,"male",40.6,454,77,26,0,5,"beer, fanta, cola, ice tea, red bull",3,1
"157",0,"male",40.3,496,77,23,0,1,"cola, fanta, red bull, ice tea, beer",1,0
"158",0,"male",23.4,207,6,28,1,1,"fanta, beer, cola, ice tea, red bull",1,0
"159",4,"male",37.2,82,46,24,0,4,"fanta, beer, ice tea, red bull, cola",3,0
"160",6,"female",28.8,115,18,23,1,5,"fanta, beer, cola, ice tea, red bull",3,0
"161",0,"male",31.1,348,62,27,0,1,"cola, red bull, beer, fanta, ice tea",3,0
"162",3,"female",20.8,442,19,18,1,1,"fanta, cola, ice tea, beer, red bull",1,0
"163",0,"male",24.1,108,16,25,1,1,"cola, beer, fanta, red bull, ice tea",3,0
"164",0,"female",28.7,301,76,21,0,1,"cola, fanta, beer, red bull, ice tea",3,0
"165",1,"male",37.7,491,38,23,0,1,"ice tea, fanta, cola, beer, red bull",1,0
"166",3,"male",33.9,13,105,25,0,1,"cola, beer, fanta, ice tea, red bull",2,0
"167",1,"female",19.5,171,4,19,1,2,"beer, fanta, ice tea, cola, red bull",3,0
"168",7,"female",18.6,159,10,21,1,5,"cola, fanta, beer, ice tea, red bull",3,1
"169",3,"female",31.7,263,98,23,0,2,"ice tea, cola, fanta, beer, red bull",3,0
"170",3,"female",18.3,189,23,20,1,2,"beer, fanta, cola, red bull, ice tea",2,1
"171",0,"male",27.9,481,3,21,0,1,"cola, ice tea, beer, fanta, red bull",2,0
"172",3,"female",47.8,127,152,21,0,4,"cola, ice tea, beer, red bull, fanta",3,0
"173",7,"male",30.7,87,20,29,0,4,"cola, beer, ice tea, fanta, red bull",3,1
"174",0,"female",25.8,220,66,20,0,1,"cola, beer, ice tea, red bull, fanta",3,0
"175",5,"female",35.6,438,98,20,0,3,"fanta, cola, beer, ice tea, red bull",3,1
"176",2,"female",19.5,356,8,21,1,3,"cola, fanta, ice tea, beer, red bull",1,1
"177",1,"male",53.7,168,89,30,0,1,"red bull, fanta, cola, beer, ice tea",3,0
"178",1,"female",22.4,480,24,21,1,1,"fanta, beer, cola, red bull, ice tea",3,0
"179",0,"female",26.4,2,4,20,0,1,"cola, ice tea, red bull, beer, fanta",1,0
"180",0,"female",41.5,195,130,20,0,1,"beer, cola, fanta, red bull, ice tea",3,0
"181",0,"female",26.2,230,11,20,1,1,"ice tea, red bull, beer, fanta, cola",1,0
"182",3,"male",24.4,205,8,28,1,3,"fanta, cola, ice tea, beer, red bull",1,0
"183",4,"female",20.2,366,23,20,1,3,"ice tea, fanta, beer, cola, red bull",1,0
"184",4,"female",42.1,454,77,21,0,3,"cola, red bull, beer, fanta, ice tea",3,1
"185",3,"male",27.4,250,7,23,0,2,"cola, fanta, beer, red bull, ice tea",3,0
"186",1,"male",25.5,173,22,21,1,1,"fanta, red bull, cola, beer, ice tea",1,0
"187",7,"male",24.3,486,24,26,0,5,"cola, ice tea, red bull, fanta, beer",3,1
"188",0,"male",26.2,227,7,29,0,1,"beer, fanta, cola, ice tea, red bull",1,0
"189",0,"male",33.6,333,57,25,0,1,"ice tea, cola, fanta, beer, red bull",3,0
"190",6,"male",34.5,197,120,26,0,5,"fanta, ice tea, cola, beer, red bull",3,0
"191",1,"female",23.9,458,17,20,0,1,"cola, fanta, red bull, ice tea, beer",1,0
"192",6,"female",31.7,157,28,22,0,5,"cola, ice tea, beer, fanta, red bull",3,1
"193",4,"female",44.3,152,214,23,0,2,"beer, cola, fanta, ice tea, red bull",3,1
"194",8,"female",30.7,360,74,19,0,4,"red bull, beer, fanta, cola, ice tea",3,1
"195",1,"female",27.8,394,92,19,0,2,"beer, ice tea, cola, fanta, red bull",3,0
"196",3,"female",27.8,68,29,19,0,2,"cola, ice tea, fanta, beer, red bull",3,0
"197",8,"male",26.8,329,13,24,1,5,"fanta, red bull, beer, cola, ice tea",1,1
"198",3,"female",23.9,296,7,19,0,2,"cola, fanta, ice tea, beer, red bull",3,1
"199",0,"male",36.5,234,78,27,0,1,"cola, fanta, red bull, ice tea, beer",3,0
"200",1,"female",24.1,498,6,18,0,1,"beer, red bull, fanta, cola, ice tea",3,0
"201",1,"female",39.5,89,188,20,0,1,"cola, fanta, beer, red bull, ice tea",1,0
"202",2,"female",20.9,226,14,21,1,2,"fanta, cola, beer, red bull, ice tea",3,1
"203",6,"male",20,331,13,27,1,3,"fanta, cola, beer, red bull, ice tea",3,0
"204",0,"female",29,85,63,19,0,1,"cola, beer, fanta, ice tea, red bull",1,0
"205",1,"male",35.9,89,188,24,0,2,"cola, beer, fanta, red bull, ice tea",3,0
"206",0,"male",27.5,403,45,23,0,1,"beer, fanta, cola, ice tea, red bull",1,0
"207",3,"male",23.7,81,8,29,0,2,"beer, fanta, red bull, cola, ice tea",1,0
"208",7,"male",26.5,95,67,26,0,5,"fanta, cola, ice tea, beer, red bull",3,1
"209",3,"male",49.5,104,267,25,0,2,"beer, cola, ice tea, fanta, red bull",3,1
"210",1,"female",30.4,290,65,19,0,3,"cola, red bull, fanta, beer, ice tea",3,0
"211",0,"female",34.9,185,79,23,0,1,"beer, fanta, ice tea, red bull, cola",3,0
"212",1,"female",31,350,36,19,0,2,"fanta, beer, red bull, cola, ice tea",3,0
"213",2,"female",31.7,361,77,19,0,2,"beer, red bull, cola, ice tea, fanta",1,0
"214",0,"male",39.7,175,177,26,0,1,"fanta, cola, beer, red bull, ice tea",3,0
"215",0,"male",28.9,349,52,24,0,1,"cola, red bull, fanta, ice tea, beer",2,0
"216",2,"female",32.4,491,38,21,0,2,"cola, fanta, beer, red bull, ice tea",1,0
"217",0,"female",18.1,162,12,15,1,1,"fanta, cola, ice tea, beer, red bull",3,0
"218",0,"female",47.4,456,36,19,0,1,"fanta, cola, ice tea, beer, red bull",1,0
"219",8,"male",42.1,371,94,21,0,5,"cola, beer, fanta, red bull, ice tea",3,1
"220",0,"female",25.1,24,18,18,0,1,"cola, red bull, fanta, ice tea, beer",1,0
"221",7,"female",44.5,485,236,24,0,4,"cola, fanta, beer, ice tea, red bull",3,1
"222",0,"male",44.2,46,90,23,0,1,"beer, cola, red bull, fanta, ice tea",1,0
"223",0,"male",48.3,276,26,26,0,1,"cola, ice tea, beer, red bull, fanta",1,0
"224",1,"female",18.8,25,5,21,1,2,"fanta, cola, beer, ice tea, red bull",1,0
"225",7,"male",37.5,334,71,23,0,5,"cola, ice tea, fanta, red bull, beer",1,1
"226",4,"female",25.9,264,11,22,1,2,"cola, fanta, beer, red bull, ice tea",2,0
"227",3,"female",31.4,238,94,17,0,3,"ice tea, beer, cola, fanta, red bull",1,0
"228",3,"male",21.5,448,17,29,1,2,"fanta, cola, beer, ice tea, red bull",3,1
"229",7,"male",44.9,450,10,25,0,4,"fanta, ice tea, beer, cola, red bull",1,1
"230",2,"female",32.5,28,7,23,0,2,"red bull, beer, cola, ice tea, fanta",2,0
"231",7,"male",26.7,487,18,19,1,3,"cola, fanta, beer, ice tea, red bull",3,1
"232",3,"female",21.1,90,13,22,1,1,"fanta, cola, beer, red bull, ice tea",3,1
"233",0,"female",28.8,325,18,19,0,1,"cola, fanta, ice tea, red bull, beer",3,0
"234",8,"male",37.5,164,133,27,0,5,"fanta, cola, ice tea, beer, red bull",3,1
"235",0,"male",36.6,441,30,23,0,1,"beer, red bull, fanta, cola, ice tea",3,0
"236",0,"female",19.7,337,18,19,1,1,"fanta, red bull, cola, ice tea, beer",3,0
"237",4,"female",23.1,92,22,19,0,4,"cola, red bull, beer, fanta, ice tea",3,1
"238",3,"female",36.5,462,56,16,0,3,"beer, cola, red bull, fanta, ice tea",3,0
"239",0,"female",19.5,269,7,17,1,1,"cola, fanta, beer, red bull, ice tea",1,0
"240",3,"female",27.2,270,34,17,0,2,"beer, ice tea, red bull, cola, fanta",1,0
"241",0,"male",34.2,402,24,23,0,1,"fanta, cola, red bull, beer, ice tea",3,0
"242",0,"female",43.8,338,4,19,0,1,"cola, beer, ice tea, fanta, red bull",3,0
"243",0,"female",46.4,181,135,21,0,1,"beer, cola, fanta, red bull, ice tea",3,0
"244",5,"male",21.9,356,8,30,1,5,"fanta, cola, beer, red bull, ice tea",1,1
"245",0,"male",25.1,230,11,28,0,1,"beer, fanta, cola, red bull, ice tea",2,0
"246",0,"female",27.5,449,34,22,0,1,"cola, beer, fanta, red bull, ice tea",3,0
"247",7,"male",35.3,457,223,21,0,5,"fanta, beer, red bull, cola, ice tea",3,1
"248",0,"male",27.1,220,66,23,0,1,"ice tea, fanta, cola, beer, red bull",3,0
"249",6,"male",21.6,243,16,26,1,4,"fanta, beer, cola, red bull, ice tea",3,1
"250",0,"male",27.6,359,40,24,0,1,"fanta, cola, ice tea, beer, red bull",2,0
"251",3,"male",22.7,52,13,24,1,3,"fanta, beer, cola, ice tea, red bull",3,0
"252",8,"male",24.2,427,8,24,0,5,"cola, fanta, ice tea, red bull, beer",2,1
"253",0,"male",47.4,380,157,26,0,1,"cola, fanta, red bull, beer, ice tea",1,0
"254",0,"male",31.3,41,89,22,0,1,"cola, beer, fanta, red bull, ice tea",3,0
"255",1,"female",36.8,62,9,20,0,3,"cola, fanta, beer, red bull, ice tea",1,0
"256",3,"male",36,324,54,27,0,3,"beer, cola, fanta, ice tea, red bull",3,1
"257",0,"male",45.7,377,177,24,0,1,"beer, cola, red bull, ice tea, fanta",3,0
"258",3,"male",31.1,85,63,29,0,2,"cola, red bull, fanta, beer, ice tea",3,0
"259",1,"female",41.8,431,18,19,0,2,"beer, cola, fanta, ice tea, red bull",2,0
"260",8,"male",27.5,297,17,22,0,5,"cola, beer, ice tea, fanta, red bull",3,1
"261",5,"male",22.9,259,23,23,1,4,"cola, fanta, beer, red bull, ice tea",3,0
"262",4,"female",31.7,13,105,21,0,3,"cola, beer, red bull, fanta, ice tea",3,1
"263",0,"male",45.3,404,159,26,0,1,"beer, fanta, cola, red bull, ice tea",3,0
"264",4,"female",34.5,419,42,23,0,3,"cola, red bull, ice tea, fanta, beer",3,1
"265",0,"female",38.1,105,23,18,0,1,"red bull, cola, fanta, beer, ice tea",3,0
"266",0,"female",48,380,157,20,0,1,"cola, red bull, beer, fanta, ice tea",1,0
"267",0,"female",28.5,294,67,21,0,1,"cola, fanta, red bull, beer, ice tea",3,0
"268",4,"male",23.1,84,22,26,0,2,"beer, cola, ice tea, red bull, fanta",1,0
"269",3,"female",38.2,193,38,20,0,2,"cola, beer, fanta, ice tea, red bull",1,0
"270",3,"female",19,204,18,18,1,1,"fanta, cola, beer, red bull, ice tea",3,1
"271",2,"female",36.9,499,60,19,0,1,"cola, beer, fanta, red bull, ice tea",3,1
"272",1,"female",29.9,349,52,22,1,3,"cola, fanta, beer, ice tea, red bull",1,0
"273",0,"male",46.1,194,214,29,0,1,"ice tea, cola, red bull, fanta, beer",3,0
"274",8,"male",30.6,98,10,23,0,5,"red bull, beer, cola, fanta, ice tea",3,1
"275",3,"male",39,316,90,26,0,3,"beer, cola, red bull, ice tea, fanta",1,0
"276",8,"male",26.6,271,41,23,0,4,"fanta, ice tea, cola, beer, red bull",3,1
"277",3,"female",43.3,497,148,23,0,3,"red bull, beer, ice tea, cola, fanta",3,1
"278",7,"male",33.2,341,15,26,0,4,"beer, cola, fanta, ice tea, red bull",3,1
"279",8,"male",55.9,396,191,24,0,5,"fanta, beer, cola, red bull, ice tea",1,1
"280",3,"male",35.9,191,74,27,0,3,"cola, beer, ice tea, fanta, red bull",3,0
"281",6,"male",33.1,5,52,28,0,4,"red bull, cola, beer, fanta, ice tea",3,1
"282",0,"female",19.7,397,19,22,1,1,"cola, fanta, beer, red bull, ice tea",1,0
"283",3,"female",20,239,8,20,0,1,"cola, red bull, ice tea, fanta, beer",1,0
"284",0,"male",26.6,332,6,28,0,1,"cola, ice tea, fanta, beer, red bull",2,0
"285",8,"male",28.8,310,73,25,0,5,"ice tea, cola, red bull, fanta, beer",3,1
"286",0,"male",42.5,72,177,24,0,1,"fanta, beer, cola, ice tea, red bull",3,0
"287",0,"male",20.7,274,11,24,1,1,"red bull, fanta, beer, cola, ice tea",3,0
"288",1,"male",26.7,221,94,26,1,1,"fanta, cola, beer, red bull, ice tea",1,1
"289",0,"male",39.4,430,133,24,0,1,"cola, beer, ice tea, red bull, fanta",2,0
"290",1,"female",30,355,110,20,0,3,"red bull, beer, fanta, cola, ice tea",3,0
"291",0,"female",24.6,184,20,20,1,1,"beer, cola, fanta, red bull, ice tea",1,0
"292",3,"female",31.4,102,51,21,0,1,"ice tea, beer, cola, fanta, red bull",1,0
"293",7,"female",23.7,56,3,19,0,3,"beer, red bull, cola, fanta, ice tea",1,1
"294",2,"female",24.1,112,19,21,0,2,"fanta, ice tea, red bull, cola, beer",3,0
"295",0,"male",30.8,281,12,25,0,1,"beer, cola, fanta, ice tea, red bull",2,0
"296",0,"female",33.8,78,88,18,0,1,"beer, cola, fanta, ice tea, red bull",1,0
"297",0,"male",35.6,304,170,28,0,1,"cola, ice tea, beer, fanta, red bull",1,0
"298",1,"female",27.4,278,23,19,0,3,"cola, fanta, ice tea, beer, red bull",1,1
"299",1,"female",24.3,286,11,18,0,1,"cola, red bull, beer, ice tea, fanta",2,0
"300",3,"male",34.6,28,7,26,0,4,"cola, beer, fanta, red bull, ice tea",3,0
"301",0,"male",29.1,78,88,22,0,1,"ice tea, cola, fanta, beer, red bull",1,0
"302",2,"male",26.7,42,17,24,1,1,"fanta, beer, red bull, cola, ice tea",1,0
"303",1,"male",27.3,381,17,22,0,1,"cola, beer, fanta, ice tea, red bull",1,0
"304",0,"female",30.6,26,52,19,0,1,"red bull, fanta, cola, beer, ice tea",3,0
"305",0,"male",41.8,195,130,27,0,1,"ice tea, cola, beer, fanta, red bull",3,0
"306",1,"male",22.4,8,1,26,1,2,"cola, fanta, beer, red bull, ice tea",3,0
"307",8,"male",24.9,264,11,23,0,5,"beer, cola, fanta, red bull, ice tea",3,1
"308",8,"female",20.6,35,11,19,1,4,"fanta, cola, beer, red bull, ice tea",1,1
"309",6,"female",26.3,288,20,21,0,3,"cola, fanta, red bull, beer, ice tea",1,1
"310",0,"male",41,352,13,27,0,1,"cola, red bull, beer, fanta, ice tea",1,0
"311",2,"male",26.4,373,83,25,0,1,"red bull, beer, cola, ice tea, fanta",3,0
"312",4,"female",32,170,74,24,0,3,"beer, ice tea, fanta, cola, red bull",3,1
"313",7,"male",33.6,222,70,25,0,5,"beer, cola, fanta, red bull, ice tea",3,1
"314",7,"female",36.8,223,19,21,0,3,"ice tea, cola, fanta, red bull, beer",3,1
"315",0,"female",29.1,18,10,19,0,1,"cola, beer, fanta, red bull, ice tea",3,0
"316",7,"male",42.2,11,45,24,0,4,"cola, red bull, ice tea, beer, fanta",3,0
"317",7,"male",21.7,470,3,23,1,3,"fanta, beer, cola, ice tea, red bull",3,1
"318",8,"female",33.7,44,14,22,0,5,"cola, fanta, beer, red bull, ice tea",3,1
"319",5,"male",24.8,442,19,23,0,3,"beer, cola, ice tea, fanta, red bull",1,1
"320",2,"female",56,88,290,17,0,2,"ice tea, cola, fanta, red bull, beer",2,0
"321",6,"female",39.7,275,145,21,0,4,"beer, ice tea, cola, fanta, red bull",3,0
"322",1,"male",42.4,232,234,26,0,2,"fanta, cola, beer, red bull, ice tea",3,0
"323",3,"male",36.7,212,13,28,0,2,"fanta, beer, cola, red bull, ice tea",1,0
"324",0,"male",52.4,260,25,24,0,1,"cola, red bull, fanta, beer, ice tea",3,0
"325",4,"female",30.2,272,3,20,0,4,"cola, red bull, fanta, beer, ice tea",3,1
"326",3,"male",23.6,444,6,25,0,4,"cola, fanta, red bull, ice tea, beer",2,1
"327",1,"male",28.3,480,24,26,0,1,"cola, fanta, beer, red bull, ice tea",1,0
"328",3,"male",38.8,405,23,26,0,1,"cola, fanta, ice tea, beer, red bull",3,0
"329",8,"female",41.4,125,212,20,0,5,"ice tea, cola, beer, red bull, fanta",1,1
"330",1,"female",24.3,217,20,20,1,2,"cola, beer, fanta, red bull, ice tea",1,0
"331",7,"male",36.2,459,51,27,0,4,"cola, fanta, beer, ice tea, red bull",3,0
"332",1,"male",32.1,350,36,25,0,2,"cola, fanta, beer, ice tea, red bull",3,1
"333",7,"male",35,257,89,25,0,4,"ice tea, beer, fanta, cola, red bull",3,1
"334",7,"female",35.2,308,22,17,0,5,"cola, fanta, red bull, beer, ice tea",3,1
"335",8,"female",21.4,49,23,18,1,5,"cola, fanta, beer, red bull, ice tea",3,1
"336",0,"female",35.2,75,210,20,0,1,"cola, fanta, beer, red bull, ice tea",3,0
"337",3,"male",35.3,63,64,23,0,1,"fanta, beer, cola, ice tea, red bull",3,0
"338",0,"female",37.2,150,234,19,0,1,"cola, red bull, fanta, beer, ice tea",3,0
"339",0,"female",19.3,414,19,20,1,1,"fanta, beer, ice tea, cola, red bull",3,0
"340",0,"female",33.1,313,114,22,0,1,"cola, beer, fanta, red bull, ice tea",1,0
"341",3,"male",41.2,446,11,21,0,1,"ice tea, beer, cola, fanta, red bull",3,1
"342",1,"male",53,225,72,26,0,1,"cola, ice tea, beer, fanta, red bull",2,0
"343",8,"male",34.1,209,50,28,0,5,"cola, beer, fanta, ice tea, red bull",3,1
"344",3,"female",18.5,326,21,20,1,2,"cola, fanta, ice tea, beer, red bull",1,0
"345",7,"male",35.6,408,20,27,0,5,"beer, fanta, cola, red bull, ice tea",1,1
"346",0,"female",20.8,1,1,19,1,1,"cola, fanta, red bull, ice tea, beer",3,0
"347",0,"male",50,240,39,23,0,1,"ice tea, cola, beer, red bull, fanta",2,0
"348",0,"female",28.5,129,57,20,0,1,"cola, red bull, ice tea, beer, fanta",2,0
"349",3,"female",34.6,86,42,21,0,3,"cola, beer, ice tea, fanta, red bull",3,0
"350",3,"male",20.2,433,6,25,1,1,"beer, cola, fanta, red bull, ice tea",1,0
"351",0,"female",30,399,100,22,0,1,"ice tea, cola, fanta, beer, red bull",3,0
"352",3,"female",18.9,500,22,18,1,2,"fanta, cola, beer, red bull, ice tea",2,1
"353",0,"female",27.7,373,83,22,0,1,"cola, ice tea, fanta, beer, red bull",2,0
"354",0,"female",48.2,260,25,20,0,1,"ice tea, cola, red bull, fanta, beer",3,0
"355",0,"female",20,144,7,21,1,1,"red bull, cola, fanta, beer, ice tea",1,0
"356",4,"male",26.6,238,94,26,1,4,"fanta, cola, beer, red bull, ice tea",3,1
"357",2,"female",23.9,381,17,18,0,2,"cola, fanta, beer, ice tea, red bull",1,0
"358",5,"male",25.4,273,92,22,0,2,"red bull, cola, fanta, beer, ice tea",3,1
"359",0,"male",36.1,261,110,24,0,1,"red bull, beer, cola, fanta, ice tea",3,0
"360",1,"male",24.8,107,1,24,0,2,"fanta, cola, red bull, beer, ice tea",3,0
"361",3,"female",18.9,433,6,18,1,2,"cola, fanta, beer, ice tea, red bull",1,0
"362",7,"female",25.7,257,89,21,1,5,"beer, fanta, red bull, cola, ice tea",3,1
"363",7,"male",39.6,440,192,28,0,5,"cola, red bull, fanta, beer, ice tea",1,1
"364",0,"male",33.1,215,17,23,0,1,"fanta, ice tea, cola, beer, red bull",3,0
"365",0,"female",39.2,430,133,18,0,1,"ice tea, cola, red bull, beer, fanta",3,0
"366",0,"male",31.6,99,98,20,0,1,"ice tea, cola, fanta, beer, red bull",1,0
"367",0,"female",36.7,135,116,19,0,1,"cola, fanta, beer, ice tea, red bull",2,0
"368",7,"male",34,320,15,24,0,5,"beer, fanta, ice tea, cola, red bull",3,1
"369",0,"female",18.2,9,21,21,1,1,"fanta, beer, cola, ice tea, red bull",3,0
"370",1,"female",18.4,382,17,22,1,1,"beer, fanta, cola, red bull, ice tea",2,0
"371",6,"male",36,412,128,27,0,4,"cola, beer, red bull, ice tea, fanta",3,1
"372",2,"female",23.6,447,14,24,0,1,"cola, beer, red bull, ice tea, fanta",3,0
"373",7,"female",34.2,374,51,21,0,5,"ice tea, beer, red bull, cola, fanta",3,1
"374",0,"female",19.4,439,10,19,1,1,"cola, fanta, beer, red bull, ice tea",1,0
"375",0,"male",43.1,298,37,28,0,1,"cola, beer, fanta, ice tea, red bull",2,0
"376",8,"male",29.5,255,14,25,0,5,"ice tea, fanta, cola, beer, red bull",3,1
"377",3,"male",32.4,50,78,23,0,2,"ice tea, beer, cola, fanta, red bull",3,0
"378",0,"female",64.9,23,163,22,0,1,"ice tea, red bull, cola, beer, fanta",2,0
"379",3,"male",37.2,190,93,27,0,3,"cola, fanta, red bull, beer, ice tea",3,1
"380",5,"male",29.8,476,114,26,0,4,"beer, cola, fanta, red bull, ice tea",3,0
"381",8,"male",27.2,151,97,25,1,5,"beer, fanta, cola, red bull, ice tea",1,1
"382",4,"female",42,364,12,22,0,5,"cola, beer, red bull, fanta, ice tea",3,0
"383",4,"female",31.1,398,107,21,0,3,"cola, ice tea, fanta, beer, red bull",1,1
"384",3,"female",27.5,390,103,19,0,1,"cola, ice tea, beer, fanta, red bull",1,0
"385",4,"male",49,463,178,28,0,2,"cola, beer, ice tea, fanta, red bull",3,1
"386",6,"male",37.8,321,26,20,0,5,"red bull, fanta, cola, beer, ice tea",3,0
"387",0,"female",45.7,104,267,19,0,1,"cola, fanta, beer, red bull, ice tea",3,0
"388",8,"female",35.2,164,133,20,0,5,"fanta, beer, red bull, cola, ice tea",1,1
"389",1,"female",45.1,395,203,19,0,2,"fanta, beer, cola, ice tea, red bull",1,0
"390",0,"female",28.2,372,113,20,0,1,"cola, beer, ice tea, red bull, fanta",1,0
"391",0,"male",26.2,192,6,27,0,1,"red bull, beer, cola, fanta, ice tea",1,0
"392",7,"male",28.4,393,16,23,0,3,"red bull, fanta, cola, beer, ice tea",3,1
"393",0,"male",25.3,407,10,23,0,1,"red bull, cola, fanta, beer, ice tea",3,0
"394",3,"female",18.9,66,22,18,1,3,"cola, fanta, beer, ice tea, red bull",1,1
"395",0,"male",36.9,462,56,22,0,1,"fanta, cola, beer, red bull, ice tea",1,0
"396",1,"female",29,22,75,19,0,1,"cola, beer, fanta, ice tea, red bull",1,0
"397",8,"male",42.4,246,112,26,0,5,"beer, fanta, cola, ice tea, red bull",3,1
"398",0,"male",38.5,409,211,26,0,1,"cola, beer, red bull, fanta, ice tea",1,0
"399",7,"male",41.6,300,15,25,0,4,"beer, ice tea, cola, fanta, red bull",3,1
"400",1,"male",35.2,193,38,27,0,1,"cola, beer, fanta, ice tea, red bull",1,0
"401",7,"male",36.2,141,52,24,0,5,"cola, beer, ice tea, fanta, red bull",3,1
"402",7,"male",27.7,272,3,25,0,3,"beer, cola, red bull, fanta, ice tea",3,0
"403",6,"male",24.6,159,10,27,0,3,"cola, fanta, red bull, beer, ice tea",2,1
"404",8,"male",46.2,70,43,29,0,5,"cola, fanta, beer, red bull, ice tea",3,1
"405",3,"female",36.4,279,4,21,0,2,"cola, ice tea, beer, fanta, red bull",2,0
"406",6,"female",22.8,329,13,19,1,5,"red bull, fanta, cola, beer, ice tea",3,1
"407",1,"male",23.2,176,1,27,1,1,"fanta, cola, beer, ice tea, red bull",3,0
"408",0,"female",54.3,21,242,18,0,1,"fanta, cola, beer, ice tea, red bull",3,0
"409",5,"female",21.8,481,3,21,1,4,"beer, fanta, cola, red bull, ice tea",3,1
"410",4,"male",38,335,117,26,0,4,"cola, fanta, red bull, beer, ice tea",3,0
"411",1,"male",24.9,134,16,27,1,1,"cola, fanta, beer, red bull, ice tea",3,0
"412",2,"female",18.3,312,16,17,1,2,"fanta, cola, beer, red bull, ice tea",2,0
"413",0,"male",33.3,436,9,22,0,1,"beer, cola, fanta, red bull, ice tea",1,0
"414",8,"female",39,196,218,17,0,5,"beer, cola, red bull, fanta, ice tea",3,1
"415",4,"male",33.3,86,42,22,0,4,"beer, cola, fanta, red bull, ice tea",3,1
"416",3,"female",32.2,31,37,20,0,2,"cola, ice tea, fanta, beer, red bull",1,0
"417",0,"female",38.9,47,121,17,0,1,"cola, beer, fanta, ice tea, red bull",3,0
"418",1,"female",36.7,103,20,20,0,2,"red bull, cola, beer, fanta, ice tea",3,0
"419",5,"male",33,285,2,29,0,3,"cola, ice tea, beer, fanta, red bull",3,0
"420",3,"male",31.3,115,18,27,0,2,"ice tea, red bull, beer, fanta, cola",3,1
"421",8,"female",43.5,97,177,19,0,5,"red bull, beer, cola, ice tea, fanta",3,1
"422",1,"female",29.3,469,29,21,0,1,"cola, fanta, beer, ice tea, red bull",3,0
"423",0,"female",44.9,120,97,21,0,1,"cola, beer, red bull, fanta, ice tea",2,0
"424",7,"female",31.2,375,58,19,0,3,"red bull, cola, beer, fanta, ice tea",1,1
"425",8,"female",25.3,297,17,19,1,5,"fanta, red bull, beer, ice tea, cola",3,1
"426",1,"female",26.4,432,39,21,1,1,"beer, fanta, ice tea, cola, red bull",3,0
"427",5,"male",32.8,374,51,25,0,3,"cola, beer, fanta, ice tea, red bull",3,1
"428",1,"male",28,296,7,25,0,2,"beer, cola, fanta, red bull, ice tea",1,0
"429",1,"male",20.2,379,10,22,1,1,"beer, fanta, cola, ice tea, red bull",1,0
"430",2,"female",39.9,428,101,19,0,2,"red bull, ice tea, cola, beer, fanta",3,0
"431",3,"male",21.8,35,11,23,1,NA,"beer, fanta, ice tea, red bull, cola",1,1
"432",0,"female",28.7,218,106,21,0,1,"fanta, red bull, cola, beer, ice tea",3,0
"433",8,"female",39.9,371,94,19,0,4,"cola, red bull, beer, fanta, ice tea",2,1
"434",8,"male",32.3,311,51,25,0,5,"red bull, beer, fanta, ice tea, cola",3,1
"435",8,"female",18.4,471,8,19,1,5,"beer, cola, red bull, ice tea, fanta",3,1
"436",0,"female",34.7,63,64,17,0,1,"red bull, cola, beer, ice tea, fanta",2,0
"437",0,"male",31.3,247,27,27,0,1,"fanta, beer, cola, red bull, ice tea",3,0
"438",3,"male",34.1,14,28,24,0,2,"ice tea, cola, fanta, beer, red bull",1,0
"439",1,"male",33.7,77,119,20,0,3,"cola, fanta, red bull, beer, ice tea",1,0
"440",3,"female",26.7,486,24,21,1,3,"beer, fanta, cola, red bull, ice tea",2,1
"441",7,"male",22.7,328,1,23,1,4,"beer, cola, ice tea, fanta, red bull",1,1
"442",7,"male",44.3,455,184,20,0,5,"beer, fanta, cola, red bull, ice tea",1,1
"443",1,"female",24.1,91,3,19,1,2,"fanta, red bull, cola, beer, ice tea",3,0
"444",4,"female",32.8,362,13,20,0,4,"cola, fanta, beer, red bull, ice tea",1,1
"445",3,"male",39.7,117,113,22,0,2,"cola, beer, red bull, fanta, ice tea",3,1
"446",7,"female",46.6,451,207,20,0,4,"cola, fanta, red bull, beer, ice tea",3,1
"447",8,"female",35,334,71,18,0,5,"cola, beer, red bull, fanta, ice tea",3,1
"448",7,"male",43.9,275,145,25,0,5,"beer, cola, fanta, ice tea, red bull",2,1
"449",7,"female",18.3,319,6,17,1,4,"fanta, cola, beer, red bull, ice tea",3,1
"450",1,"female",36.1,242,52,23,0,2,"cola, beer, ice tea, fanta, red bull",1,0
"451",3,"female",33,33,82,21,0,3,"fanta, beer, cola, red bull, ice tea",1,0
"452",7,"male",34.1,182,39,27,0,5,"beer, cola, fanta, ice tea, red bull",2,1
"453",7,"male",25,54,103,24,1,4,"fanta, cola, beer, ice tea, red bull",3,1
"454",1,"female",29.4,484,77,22,0,3,"fanta, cola, ice tea, red bull, beer",3,0
"455",0,"male",22.5,346,13,22,1,1,"red bull, beer, fanta, cola, ice tea",3,0
"456",4,"female",34.8,73,27,22,0,5,"beer, cola, red bull, fanta, ice tea",3,1
"457",4,"female",28.7,408,20,20,0,3,"cola, ice tea, fanta, red bull, beer",2,1
"458",0,"male",33.9,307,32,22,0,1,"beer, cola, red bull, fanta, ice tea",3,0
"459",8,"male",24.4,56,3,25,0,5,"fanta, cola, beer, red bull, ice tea",1,1
"460",0,"female",33,5,52,18,0,1,"cola, red bull, beer, fanta, ice tea",1,0
"461",0,"female",37.7,208,167,20,0,1,"cola, beer, fanta, red bull, ice tea",3,0
"462",1,"male",24.5,133,7,24,0,2,"beer, fanta, cola, ice tea, red bull",1,1
"463",7,"male",29.9,132,20,24,0,4,"beer, cola, red bull, ice tea, fanta",3,1
"464",1,"female",32.6,315,30,21,0,2,"ice tea, cola, red bull, beer, fanta",3,0
"465",0,"male",46.4,395,203,27,0,1,"beer, cola, fanta, red bull, ice tea",3,0
"466",1,"female",30.3,459,51,19,0,1,"beer, cola, ice tea, red bull, fanta",1,1
"467",1,"male",54.7,15,136,26,0,2,"red bull, beer, cola, ice tea, fanta",2,1
"468",3,"male",27.6,67,11,24,0,2,"beer, cola, fanta, red bull, ice tea",3,0
"469",0,"male",23.8,200,17,25,1,1,"beer, cola, fanta, red bull, ice tea",2,0
"470",3,"female",33,136,68,19,0,4,"ice tea, cola, fanta, beer, red bull",3,0
"471",2,"male",33.1,299,69,25,0,2,"cola, beer, fanta, red bull, ice tea",1,0
"472",1,"female",36.6,245,142,21,0,1,"fanta, cola, beer, ice tea, red bull",1,0
"473",0,"female",26.4,359,40,19,1,1,"ice tea, beer, fanta, red bull, cola",3,0
"474",6,"male",24.8,61,7,23,1,5,"cola, fanta, beer, red bull, ice tea",3,1
"475",1,"male",21.7,118,21,21,1,1,"fanta, cola, beer, ice tea, red bull",1,0
"476",1,"female",44.4,237,212,20,0,1,"cola, fanta, red bull, ice tea, beer",3,0
"477",1,"male",39,180,1,24,0,1,"cola, beer, ice tea, fanta, red bull",3,0
"478",0,"male",40,248,109,24,0,1,"cola, red bull, beer, fanta, ice tea",3,0
"479",0,"female",39,122,12,20,0,1,"cola, beer, fanta, ice tea, red bull",3,0
"480",0,"male",46.3,130,168,27,0,1,"cola, beer, red bull, fanta, ice tea",3,0
"481",1,"male",29.6,103,20,22,0,2,"cola, ice tea, red bull, fanta, beer",1,0
"482",0,"male",23.9,397,19,30,1,1,"fanta, cola, ice tea, beer, red bull",1,0
"483",0,"male",20.5,439,10,27,1,1,"ice tea, cola, fanta, red bull, beer",1,0
"484",7,"male",30.8,148,85,25,0,4,"cola, red bull, fanta, ice tea, beer",3,1
"485",3,"male",37.5,59,95,26,0,3,"cola, fanta, beer, red bull, ice tea",3,0
"486",7,"female",43.1,483,227,18,0,3,"cola, beer, fanta, red bull, ice tea",2,1
"487",1,"male",26.5,270,34,29,0,1,"ice tea, red bull, cola, beer, fanta",3,1
"488",1,"male",25,345,6,27,1,1,"cola, fanta, beer, red bull, ice tea",2,0
"489",5,"male",18.8,414,19,30,1,3,"beer, fanta, cola, ice tea, red bull",3,1
"490",1,"female",33,117,113,20,0,1,"cola, fanta, ice tea, beer, red bull",1,0
"491",0,"male",36.2,399,100,23,0,1,"cola, ice tea, fanta, beer, red bull",3,0
"492",3,"male",35,419,42,22,0,2,"cola, red bull, beer, fanta, ice tea",3,0
"493",0,"female",41.1,298,37,20,0,1,"cola, ice tea, beer, red bull, fanta",3,0
"494",1,"male",33.9,315,30,28,0,2,"cola, beer, red bull, fanta, ice tea",3,0
"495",2,"female",30.9,490,31,21,0,1,"ice tea, fanta, cola, beer, red bull",3,1
"496",5,"male",36.7,499,60,25,0,5,"red bull, ice tea, beer, cola, fanta",3,1
"497",8,"female",19.5,16,19,24,1,4,"beer, cola, fanta, ice tea, red bull",3,1
"498",7,"male",26.5,189,23,24,0,4,"cola, fanta, red bull, beer, ice tea",3,1
"499",8,"male",31.4,136,68,21,0,5,"cola, beer, red bull, fanta, ice tea",3,1
"500",3,"female",34.8,335,117,19,0,2,"beer, cola, fanta, red bull, ice tea",2,0
"501",3,"male",48.1,277,31,24,0,2,"ice tea, cola, red bull, beer, fanta",3,1
"502",1,"female",18.1,186,9,18,1,2,"fanta, ice tea, cola, red bull, beer",2,0
"503",0,"male",36.3,150,234,22,0,1,"beer, fanta, cola, ice tea, red bull",2,0
"504",8,"female",28.2,255,14,21,0,5,"fanta, cola, red bull, ice tea, beer",3,1
"505",3,"male",28.5,423,22,23,0,1,"ice tea, red bull, cola, beer, fanta",2,1
"506",3,"male",31.9,469,29,25,0,2,"cola, fanta, red bull, beer, ice tea",3,0
"507",3,"female",43.9,53,162,21,0,1,"beer, fanta, cola, red bull, ice tea",1,0
"508",4,"female",29.1,378,57,21,0,4,"beer, cola, ice tea, fanta, red bull",1,0
"509",8,"male",39.7,483,227,26,0,5,"fanta, beer, cola, red bull, ice tea",3,1
"510",8,"male",26.6,489,80,24,1,5,"fanta, cola, beer, ice tea, red bull",3,1
"511",8,"female",31,421,69,21,0,5,"cola, fanta, beer, ice tea, red bull",1,1
"512",8,"male",39.5,451,207,26,0,4,"red bull, beer, cola, fanta, ice tea",3,1
"513",1,"female",26.3,50,78,17,1,2,"fanta, beer, ice tea, cola, red bull",2,1
"514",1,"female",18,52,13,19,1,2,"red bull, fanta, cola, beer, ice tea",3,0
"515",7,"female",40,36,223,23,0,4,"fanta, cola, beer, red bull, ice tea",1,1
"516",8,"male",33.2,421,69,25,0,5,"red bull, beer, cola, fanta, ice tea",1,1
"517",0,"female",34.4,137,74,20,0,1,"cola, beer, fanta, red bull, ice tea",1,0
"518",7,"female",57.6,161,68,18,0,5,"cola, red bull, fanta, ice tea, beer",3,0
"519",3,"female",19.3,379,10,20,1,2,"beer, cola, fanta, ice tea, red bull",3,0
"520",3,"female",33.6,210,83,21,0,2,"cola, fanta, beer, red bull, ice tea",2,0
"521",0,"female",43.2,494,186,21,0,1,"beer, cola, ice tea, red bull, fanta",3,0
"522",0,"female",39.8,39,165,17,0,1,"red bull, beer, cola, ice tea, fanta",3,0
"523",3,"female",50.1,404,159,23,0,1,"beer, fanta, cola, ice tea, red bull",3,0
"524",2,"female",24,61,7,19,0,2,"cola, fanta, beer, red bull, ice tea",1,1
"525",1,"male",30.7,253,47,25,0,2,"ice tea, cola, fanta, beer, red bull",3,0
"526",0,"female",23.1,215,17,20,0,1,"fanta, beer, cola, red bull, ice tea",1,0
"527",0,"female",35.9,163,18,20,0,1,"cola, red bull, ice tea, beer, fanta",1,0
"528",1,"female",26.5,253,47,22,1,1,"fanta, beer, cola, ice tea, red bull",2,0
"529",0,"male",34.7,206,55,24,0,1,"fanta, cola, beer, red bull, ice tea",3,0
"530",1,"female",19.2,328,1,19,1,2,"beer, fanta, cola, ice tea, red bull",3,0
"531",1,"male",31.7,184,20,26,0,2,"beer, cola, fanta, red bull, ice tea",3,0
"532",0,"male",33.8,450,60,23,0,1,"beer, cola, red bull, fanta, ice tea",1,0
"533",1,"female",27.4,285,2,20,0,1,"beer, cola, fanta, ice tea, red bull",3,0
"534",3,"female",30.5,287,25,22,0,2,"fanta, ice tea, beer, red bull, cola",1,1
"535",0,"male",30.1,29,1,22,0,1,"cola, beer, red bull, fanta, ice tea",1,0
"536",4,"male",32,128,4,28,0,2,"fanta, cola, beer, ice tea, red bull",3,0
"537",1,"female",27.9,420,83,21,0,2,"cola, red bull, beer, fanta, ice tea",3,1
"538",8,"female",43.4,295,26,20,0,5,"cola, fanta, beer, ice tea, red bull",3,1
"539",1,"male",23.7,478,24,22,0,2,"fanta, cola, beer, red bull, ice tea",1,0
"540",1,"male",21.3,20,5,26,1,2,"fanta, beer, cola, red bull, ice tea",3,0
"541",1,"male",46.1,53,162,24,0,1,"fanta, cola, ice tea, red bull, beer",3,0
"542",0,"female",40.6,109,167,19,0,1,"cola, fanta, beer, red bull, ice tea",1,0
"543",2,"female",39.1,191,74,21,0,1,"fanta, ice tea, cola, beer, red bull",3,1
"544",1,"male",41.8,109,167,22,0,2,"cola, fanta, red bull, ice tea, beer",1,0
"545",1,"male",28.8,211,23,26,0,1,"fanta, cola, beer, ice tea, red bull",2,0
"546",0,"male",40.3,262,140,26,0,1,"ice tea, red bull, cola, fanta, beer",1,0
"547",1,"female",21.8,317,13,18,1,1,"cola, fanta, ice tea, red bull, beer",2,0
"548",5,"female",30.3,247,27,22,0,4,"fanta, cola, beer, red bull, ice tea",2,1
"549",0,"female",19.2,20,5,21,1,1,"red bull, beer, fanta, cola, ice tea",3,0
"550",0,"female",21.2,8,1,21,1,1,"fanta, cola, beer, ice tea, red bull",2,0
"551",3,"female",19.8,93,4,22,1,1,"beer, fanta, cola, ice tea, red bull",3,1
"552",2,"male",29.1,375,58,29,1,1,"fanta, cola, beer, red bull, ice tea",1,1
"553",0,"female",27.6,236,74,17,0,1,"cola, fanta, red bull, ice tea, beer",3,0
"554",3,"female",33.8,82,46,17,0,2,"fanta, cola, ice tea, beer, red bull",3,0
"555",1,"male",32.7,4,89,20,0,1,"cola, fanta, beer, red bull, ice tea",3,0
"556",7,"female",35.9,11,45,20,0,5,"red bull, beer, cola, fanta, ice tea",1,1
"557",4,"female",18.9,413,2,17,0,2,"cola, ice tea, beer, red bull, fanta",2,0
"558",3,"female",35.4,341,15,21,0,1,"red bull, fanta, cola, beer, ice tea",3,0
"559",1,"male",38.2,305,13,25,0,2,"cola, beer, ice tea, red bull, fanta",3,0
"560",8,"female",19.3,448,17,18,1,4,"cola, fanta, red bull, beer, ice tea",3,1
"561",5,"male",38.5,17,58,25,0,2,"cola, fanta, ice tea, beer, red bull",3,1
"562",1,"male",52.5,252,285,20,0,1,"cola, fanta, red bull, beer, ice tea",1,0
"563",8,"female",20.6,243,16,22,1,5,"cola, beer, fanta, ice tea, red bull",1,1
"564",1,"female",19.8,407,10,19,1,3,"red bull, fanta, beer, cola, ice tea",1,0
"565",1,"male",37,96,67,27,0,1,"fanta, red bull, cola, beer, ice tea",3,0
"566",7,"male",30.5,432,39,25,0,4,"cola, fanta, red bull, beer, ice tea",2,0
"567",0,"female",29.3,221,94,19,0,1,"red bull, cola, ice tea, beer, fanta",3,0
"568",7,"female",31.8,138,13,21,0,5,"cola, fanta, beer, ice tea, red bull",3,1
"569",0,"male",45.4,55,210,26,0,1,"cola, red bull, beer, fanta, ice tea",1,0
"570",0,"male",35.9,318,33,26,0,1,"cola, fanta, red bull, beer, ice tea",3,0
"571",0,"male",29.1,417,74,26,0,1,"ice tea, cola, fanta, beer, red bull",3,0
"572",6,"female",25.3,470,3,19,0,5,"cola, beer, fanta, red bull, ice tea",3,0
"573",0,"female",36.7,64,142,19,0,1,"cola, beer, red bull, fanta, ice tea",1,0
"574",1,"female",20.7,357,6,22,1,1,"ice tea, fanta, cola, red bull, beer",1,0
"575",3,"male",31.7,157,28,26,0,3,"red bull, cola, ice tea, fanta, beer",3,1
"576",7,"male",28.3,19,51,24,1,3,"fanta, beer, ice tea, cola, red bull",2,1
"577",0,"male",22.6,416,4,26,1,1,"beer, fanta, red bull, cola, ice tea",3,0
"578",3,"female",29.6,283,68,20,0,1,"cola, beer, red bull, ice tea, fanta",1,1
"579",8,"male",33.9,33,82,24,0,NA,"cola, fanta, beer, ice tea, red bull",2,1
"580",7,"female",24.7,466,24,20,0,3,"ice tea, fanta, beer, cola, red bull",3,1
"581",2,"female",22,179,10,21,1,2,"ice tea, beer, cola, fanta, red bull",1,1
"582",7,"male",34.7,387,37,26,0,3,"cola, red bull, fanta, beer, ice tea",3,1
"583",0,"female",27.8,83,5,17,0,1,"cola, beer, red bull, ice tea, fanta",3,0
"584",0,"male",35.6,314,127,26,0,1,"beer, fanta, cola, red bull, ice tea",3,0
"585",1,"female",38.2,321,26,17,0,2,"red bull, beer, ice tea, cola, fanta",1,0
"586",1,"male",27.5,235,79,23,0,1,"fanta, cola, beer, ice tea, red bull",3,1
"587",7,"male",28.2,367,23,26,0,4,"fanta, beer, cola, red bull, ice tea",3,1
"588",0,"male",24.4,65,NA,24,0,1,"beer, fanta, cola, red bull, ice tea",2,0
"589",3,"male",29.3,410,71,24,1,1,"fanta, beer, red bull, cola, ice tea",3,1
"590",2,"male",22.3,93,4,31,1,1,"fanta, beer, cola, red bull, ice tea",3,0
"591",7,"male",26.9,363,12,28,1,3,"fanta, beer, cola, ice tea, red bull",1,1
"592",7,"male",22.9,216,21,25,1,4,"fanta, beer, cola, red bull, ice tea",3,1
"593",1,"male",31.9,263,98,24,0,2,"cola, fanta, beer, red bull, ice tea",1,0
"594",8,"female",29.2,174,115,20,1,5,"fanta, beer, red bull, cola, ice tea",1,1
"595",3,"female",36.2,58,201,18,0,3,"cola, fanta, beer, red bull, ice tea",1,1
"596",7,"male",41.9,178,83,23,0,3,"fanta, cola, beer, ice tea, red bull",1,1
"597",0,"female",23.2,444,6,18,0,1,"cola, beer, ice tea, fanta, red bull",1,0
"598",0,"female",19.7,65,14,19,1,1,"cola, fanta, ice tea, beer, red bull",2,0
"599",2,"female",48.2,38,115,22,0,1,"red bull, cola, ice tea, fanta, beer",3,1
"600",0,"male",27.7,241,11,23,1,1,"fanta, cola, beer, ice tea, red bull",3,0
"601",0,"female",51.5,252,285,20,0,1,"red bull, beer, ice tea, fanta, cola",1,0
"602",0,"male",33.7,163,18,27,0,1,"beer, ice tea, cola, fanta, red bull",3,0
"603",3,"female",35.1,229,1,19,0,2,"fanta, cola, red bull, ice tea, beer",1,1
"604",0,"male",59.1,23,163,31,0,1,"ice tea, cola, beer, fanta, red bull",3,0
"605",3,"female",46.1,232,234,19,0,1,"cola, ice tea, beer, red bull, fanta",3,0
"606",7,"female",22.9,131,4,20,1,4,"red bull, ice tea, beer, cola, fanta",3,1
"607",1,"male",24.5,124,14,24,1,1,"ice tea, fanta, beer, cola, red bull",1,0
"608",7,"male",39.7,223,19,26,0,5,"cola, beer, fanta, ice tea, red bull",3,1
"609",0,"female",42.8,46,90,20,0,1,"cola, beer, fanta, ice tea, red bull",1,0
"610",0,"male",28.8,475,8,27,0,1,"cola, beer, fanta, ice tea, red bull",2,0
"611",7,"male",25.1,213,15,21,1,4,"cola, ice tea, fanta, beer, red bull",2,0
"612",0,"female",28.1,116,8,21,0,1,"cola, fanta, beer, red bull, ice tea",3,0
"613",0,"female",27.3,214,18,17,0,1,"red bull, ice tea, fanta, cola, beer",2,0
"614",7,"male",21.3,179,10,32,1,5,"red bull, cola, fanta, ice tea, beer",3,1
"615",7,"male",23.4,443,3,24,0,3,"cola, red bull, fanta, beer, ice tea",3,1
"616",1,"female",28.6,222,70,21,0,2,"cola, beer, red bull, ice tea, fanta",3,0
"617",2,"female",21.9,345,6,20,1,2,"fanta, beer, cola, red bull, ice tea",2,0
"618",1,"female",32.7,460,17,21,0,1,"beer, cola, fanta, red bull, ice tea",3,0
"619",0,"male",41.7,158,90,22,0,1,"beer, fanta, cola, ice tea, red bull",2,0
"620",0,"male",40.9,62,9,25,0,1,"cola, red bull, fanta, beer, ice tea",3,0
"621",0,"male",32.2,460,17,25,0,1,"cola, fanta, beer, ice tea, red bull",3,0
"622",3,"male",34.4,185,79,28,0,2,"ice tea, cola, fanta, beer, red bull",3,0
"623",3,"male",27.5,102,51,27,0,1,"red bull, cola, fanta, beer, ice tea",3,0
"624",0,"female",26.1,140,20,20,0,1,"fanta, cola, beer, ice tea, red bull",1,0
"625",0,"male",40.5,388,25,26,0,1,"ice tea, beer, cola, fanta, red bull",3,0
"626",0,"male",26.9,26,52,27,1,1,"beer, fanta, cola, ice tea, red bull",2,0
"627",7,"male",40.7,231,217,20,0,4,"cola, fanta, beer, ice tea, red bull",2,1
"628",7,"male",27.1,326,21,27,0,4,"cola, beer, fanta, ice tea, red bull",2,1
"629",0,"male",22.3,337,18,19,0,1,"beer, red bull, cola, ice tea, fanta",2,0
"630",3,"female",19.8,453,4,19,1,1,"fanta, cola, beer, ice tea, red bull",1,1
"631",1,"male",19.9,80,262,26,1,2,"cola, fanta, beer, red bull, ice tea",1,0
"632",2,"female",29,249,93,17,0,2,"beer, ice tea, cola, fanta, red bull",3,0
"633",5,"male",37.9,362,13,30,0,3,"beer, red bull, cola, fanta, ice tea",3,0
"634",5,"female",41.9,339,97,22,0,4,"fanta, cola, ice tea, beer, red bull",2,1
"635",1,"female",40.3,178,83,19,0,2,"beer, cola, fanta, ice tea, red bull",3,0
"636",1,"male",25.6,1,1,23,1,1,"fanta, beer, cola, red bull, ice tea",3,0
"637",0,"male",25.4,366,23,23,1,1,"fanta, red bull, beer, cola, ice tea",3,0
"638",2,"female",44.2,446,11,17,0,1,"beer, fanta, red bull, ice tea, cola",1,0
"639",3,"female",40.3,385,122,19,0,2,"beer, ice tea, cola, fanta, red bull",3,0
"640",3,"male",31.2,327,120,24,0,1,"beer, red bull, cola, ice tea, fanta",1,0
"641",6,"female",34.3,37,91,19,0,5,"fanta, beer, ice tea, cola, red bull",2,0
"642",0,"female",21.5,207,6,21,1,1,"fanta, ice tea, beer, cola, red bull",1,0
"643",7,"female",36.3,27,94,20,0,4,"beer, fanta, cola, red bull, ice tea",2,1
"644",1,"female",22.2,101,20,20,1,3,"beer, fanta, red bull, ice tea, cola",3,0
"645",7,"female",25.5,291,112,20,0,3,"cola, fanta, red bull, ice tea, beer",3,1
"646",1,"female",20.2,124,14,20,1,1,"fanta, beer, cola, ice tea, red bull",2,1
"647",0,"male",39.1,434,24,21,0,1,"fanta, ice tea, cola, beer, red bull",3,0
"648",1,"male",26.3,464,1,16,1,2,"fanta, ice tea, red bull, beer, cola",3,0
"649",1,"female",41,262,140,22,0,1,"fanta, cola, beer, red bull, ice tea",1,0
"650",7,"female",18.4,293,1,21,1,5,"beer, cola, fanta, ice tea, red bull",1,1
"651",8,"female",22.2,3,17,18,1,5,"red bull, beer, fanta, cola, ice tea",1,1
"652",8,"male",35.2,149,9,23,0,5,"cola, fanta, beer, ice tea, red bull",2,1
"653",2,"male",40,203,97,22,0,1,"beer, cola, fanta, ice tea, red bull",1,1
"654",3,"male",37.3,153,125,25,0,3,"ice tea, cola, fanta, beer, red bull",2,0
"655",2,"female",31.9,14,28,22,0,1,"cola, fanta, beer, ice tea, red bull",3,0
"656",0,"female",27.8,74,23,22,0,1,"beer, cola, ice tea, fanta, red bull",1,0
"657",4,"male",35.9,60,24,21,0,4,"beer, cola, red bull, ice tea, fanta",3,0
"658",0,"female",25.2,147,36,22,0,1,"cola, fanta, beer, ice tea, red bull",2,0
"659",3,"male",33.7,290,65,23,0,3,"cola, red bull, beer, fanta, ice tea",3,0
"660",8,"male",43.1,295,26,23,0,5,"red bull, fanta, ice tea, cola, beer",1,1
"661",3,"male",41.6,422,34,26,0,1,"cola, red bull, beer, ice tea, fanta",3,1
"662",0,"male",30.2,355,110,25,0,1,"cola, beer, fanta, ice tea, red bull",3,0
"663",0,"male",44.2,268,29,20,0,1,"cola, beer, fanta, red bull, ice tea",3,0
"664",1,"female",28.9,348,62,19,0,2,"beer, cola, fanta, ice tea, red bull",3,0
"665",0,"male",29,473,94,20,0,1,"beer, cola, fanta, ice tea, red bull",3,0
"666",8,"male",33.6,6,43,23,0,5,"cola, fanta, beer, red bull, ice tea",2,1
"667",4,"female",40.5,69,124,23,0,3,"red bull, fanta, cola, beer, ice tea",2,1
"668",0,"female",34,391,41,23,0,1,"beer, cola, red bull, ice tea, fanta",1,0
"669",0,"female",28.8,198,67,19,0,1,"fanta, cola, ice tea, beer, red bull",3,0
"670",0,"female",46.5,72,177,19,0,1,"beer, cola, fanta, red bull, ice tea",3,0
"671",7,"male",28.2,466,24,27,0,5,"fanta, beer, cola, red bull, ice tea",3,0
"672",0,"female",54.2,240,39,17,0,1,"fanta, cola, ice tea, beer, red bull",3,0
"673",0,"female",23.3,323,18,22,1,1,"cola, fanta, beer, red bull, ice tea",2,0
"674",3,"male",36.2,27,94,28,0,2,"beer, cola, fanta, red bull, ice tea",3,0
"675",0,"female",20.3,332,6,20,1,1,"beer, fanta, red bull, cola, ice tea",1,0
"676",3,"female",23.2,258,13,19,0,2,"fanta, cola, ice tea, beer, red bull",3,1
"677",0,"female",28.5,219,118,19,0,1,"fanta, ice tea, cola, beer, red bull",3,0
"678",3,"male",34.2,37,91,23,0,NA,"cola, beer, red bull, fanta, ice tea",2,0
"679",1,"female",27.2,123,86,24,0,2,"fanta, cola, red bull, ice tea, beer",2,0
"680",0,"female",28,205,8,22,0,1,"red bull, beer, ice tea, cola, fanta",2,0
"681",3,"male",27.8,12,14,28,0,4,"cola, red bull, beer, fanta, ice tea",3,0
"682",3,"male",20.8,66,22,24,1,3,"cola, fanta, beer, red bull, ice tea",3,0
"683",2,"female",31.8,422,34,20,0,1,"cola, beer, fanta, red bull, ice tea",1,1
"684",6,"male",45.1,121,348,24,0,4,"cola, fanta, beer, red bull, ice tea",3,1
"685",0,"male",28.9,449,34,28,0,1,"fanta, cola, beer, red bull, ice tea",3,0
"686",0,"male",26.6,376,90,28,1,1,"fanta, red bull, beer, cola, ice tea",3,0
"687",1,"female",21.8,48,23,23,1,1,"fanta, beer, red bull, cola, ice tea",3,0
"688",0,"female",41.4,119,86,19,0,1,"fanta, beer, cola, ice tea, red bull",3,0
"689",8,"female",21,386,4,20,1,4,"beer, fanta, cola, red bull, ice tea",3,1
"690",3,"female",46.9,130,168,21,0,4,"red bull, cola, fanta, beer, ice tea",2,0
"691",1,"female",18.7,146,1,21,1,2,"fanta, red bull, cola, ice tea, beer",3,0
"692",1,"male",34.2,361,77,27,0,2,"cola, fanta, beer, ice tea, red bull",2,0
"693",7,"female",34.8,30,106,19,0,5,"cola, beer, fanta, ice tea, red bull",3,1
"694",8,"male",36.7,477,118,26,0,5,"fanta, cola, beer, ice tea, red bull",3,1
"695",0,"female",21.4,228,18,18,1,1,"fanta, cola, beer, ice tea, red bull",3,0
"696",8,"female",21.5,427,8,20,0,5,"fanta, cola, red bull, ice tea, beer",1,1
"697",3,"male",20.9,453,4,21,1,1,"beer, ice tea, fanta, cola, red bull",1,0
"698",2,"male",21.6,49,23,26,1,1,"fanta, beer, cola, red bull, ice tea",3,0
"699",0,"female",26.8,472,66,20,1,1,"fanta, beer, ice tea, cola, red bull",3,0
"700",0,"female",28.1,190,93,18,0,1,"cola, red bull, beer, fanta, ice tea",3,0
"701",2,"male",24.3,171,4,31,1,1,"fanta, cola, beer, red bull, ice tea",3,1
"702",1,"female",28.7,476,114,17,1,2,"red bull, cola, fanta, ice tea, beer",1,1
"703",7,"male",38.6,351,54,22,0,4,"ice tea, fanta, beer, red bull, cola",3,1
"704",8,"male",43.8,343,36,25,0,5,"cola, fanta, beer, red bull, ice tea",1,1
"705",1,"male",24.5,389,3,21,0,2,"cola, beer, ice tea, fanta, red bull",3,0
"706",5,"male",36.9,354,115,26,0,3,"beer, cola, fanta, red bull, ice tea",2,0
"707",0,"female",35.3,401,192,21,0,1,"ice tea, cola, fanta, beer, red bull",3,0
"708",3,"female",23.6,306,15,21,1,4,"beer, cola, red bull, fanta, ice tea",3,0
"709",1,"male",43.6,497,148,24,0,1,"red bull, cola, beer, ice tea, fanta",1,0
"710",0,"male",33.6,219,118,21,0,1,"beer, cola, ice tea, fanta, red bull",1,0
"711",7,"male",41.3,110,23,26,0,3,"beer, red bull, cola, fanta, ice tea",3,1
"712",1,"female",30.7,261,110,22,0,1,"beer, cola, fanta, ice tea, red bull",3,0
"713",0,"female",24.4,281,12,19,0,1,"fanta, ice tea, red bull, cola, beer",3,0
"714",5,"female",31.7,273,92,21,0,3,"cola, beer, ice tea, fanta, red bull",2,1
"715",0,"male",36.7,135,116,22,0,1,"ice tea, beer, fanta, red bull, cola",1,0
"716",0,"female",26.2,145,37,18,1,1,"fanta, beer, cola, ice tea, red bull",2,0
"717",1,"female",35.7,59,95,21,0,1,"beer, cola, fanta, ice tea, red bull",1,0
"718",8,"male",28.2,452,12,25,1,5,"fanta, red bull, cola, beer, ice tea",3,1
"719",4,"female",44.7,292,19,18,0,4,"red bull, fanta, cola, beer, ice tea",3,0
"720",0,"female",37.1,289,62,19,0,1,"cola, beer, ice tea, fanta, red bull",3,0
"721",3,"female",19.4,437,23,18,1,1,"beer, fanta, cola, red bull, ice tea",3,0
"722",0,"female",19,336,17,19,1,1,"red bull, fanta, beer, cola, ice tea",1,0
"723",2,"female",28.2,299,69,22,0,2,"fanta, beer, ice tea, cola, red bull",3,0
"724",1,"female",21.6,132,20,19,1,2,"fanta, beer, red bull, cola, ice tea",1,0
"725",0,"male",28.1,458,17,24,0,1,"cola, fanta, beer, red bull, ice tea",3,0
"726",4,"female",34.5,365,79,19,0,4,"cola, red bull, fanta, ice tea, beer",2,1
"727",7,"male",47.4,339,97,26,0,3,"fanta, cola, ice tea, red bull, beer",3,1
"728",7,"female",24.6,492,21,18,1,4,"fanta, beer, ice tea, red bull, cola",1,1
"729",1,"female",40.5,340,109,20,0,1,"beer, cola, red bull, fanta, ice tea",3,0
"730",8,"female",27.8,310,73,21,0,4,"cola, beer, fanta, red bull, ice tea",1,1
"731",2,"female",45.5,383,41,22,0,1,"cola, beer, red bull, fanta, ice tea",3,0
"732",6,"male",52.5,88,290,21,0,5,"cola, fanta, ice tea, beer, red bull",3,1
"733",1,"male",39.8,431,18,22,0,2,"fanta, ice tea, cola, red bull, beer",3,0
"734",0,"female",24.6,436,9,18,1,1,"beer, cola, fanta, ice tea, red bull",1,0
"735",3,"female",32.1,110,23,20,0,1,"cola, beer, fanta, red bull, ice tea",3,1
"736",7,"female",39.7,411,109,26,0,5,"cola, beer, fanta, red bull, ice tea",2,1
"737",0,"female",28,29,1,19,0,1,"beer, fanta, cola, ice tea, red bull",3,0
"738",0,"male",52,456,36,30,0,1,"fanta, red bull, cola, beer, ice tea",3,0
"739",8,"female",45.9,70,43,21,0,4,"red bull, beer, cola, ice tea, fanta",2,1
"740",7,"female",38.7,405,23,19,0,3,"fanta, beer, cola, red bull, ice tea",3,1
"741",1,"female",35.6,488,48,20,0,1,"fanta, red bull, cola, beer, ice tea",1,0
"742",2,"female",29.5,7,59,24,0,1,"cola, red bull, fanta, beer, ice tea",1,0
"743",0,"male",31.5,301,76,28,0,1,"cola, fanta, beer, ice tea, red bull",3,0
"744",1,"female",22.4,80,262,21,1,2,"cola, fanta, red bull, beer, ice tea",3,0
"745",0,"female",33,284,14,18,0,1,"cola, fanta, beer, ice tea, red bull",1,0
"746",8,"female",30.4,209,50,18,0,5,"fanta, cola, beer, ice tea, red bull",3,1
"747",3,"male",32.8,474,7,30,0,2,"beer, fanta, cola, ice tea, red bull",3,1
"748",3,"male",27.4,358,8,23,0,1,"cola, red bull, beer, fanta, ice tea",3,1
"749",3,"female",27.5,417,74,21,0,4,"ice tea, beer, fanta, cola, red bull",2,1
"750",0,"male",27.8,147,36,29,0,1,"fanta, cola, ice tea, beer, red bull",3,0
"751",1,"female",34.3,172,84,21,0,3,"fanta, red bull, cola, beer, ice tea",1,0
"752",7,"male",30.4,429,61,24,0,5,"cola, beer, fanta, ice tea, red bull",1,1
"753",0,"female",26.2,473,94,21,1,1,"fanta, red bull, beer, cola, ice tea",1,0
"754",0,"male",36.6,368,219,26,0,1,"cola, beer, red bull, fanta, ice tea",3,0
"755",3,"female",34.8,311,51,19,0,2,"beer, cola, fanta, red bull, ice tea",3,1
"756",0,"male",22.6,336,17,23,1,1,"fanta, beer, cola, ice tea, red bull",3,0
"757",3,"male",29.1,156,3,28,0,2,"cola, beer, fanta, red bull, ice tea",3,1
"758",8,"male",25.1,131,4,25,0,5,"cola, ice tea, beer, fanta, red bull",3,1
"759",3,"male",29.2,92,22,25,0,3,"cola, ice tea, fanta, beer, red bull",1,0
"760",7,"male",22.8,437,23,27,1,4,"beer, fanta, cola, red bull, ice tea",1,1
"761",1,"female",29.3,426,99,17,0,2,"cola, beer, fanta, red bull, ice tea",3,0
"762",1,"female",31.3,206,55,19,0,3,"cola, beer, ice tea, fanta, red bull",2,1
"763",3,"male",25.8,286,11,20,1,1,"fanta, cola, beer, red bull, ice tea",3,0
"764",2,"male",40.7,428,101,24,0,2,"beer, cola, fanta, ice tea, red bull",3,1
"765",5,"female",23,487,18,17,1,3,"cola, fanta, ice tea, beer, red bull",3,0
"766",1,"male",26.1,10,79,25,0,2,"cola, fanta, beer, ice tea, red bull",1,0
"767",4,"male",28.3,177,93,26,0,3,"beer, ice tea, cola, red bull, fanta",3,0
"768",7,"male",31.8,398,107,26,0,4,"beer, cola, red bull, fanta, ice tea",3,1
"769",8,"male",44.1,292,19,25,0,4,"fanta, beer, cola, ice tea, red bull",2,1
"770",4,"female",37.5,202,235,19,0,5,"fanta, cola, red bull, beer, ice tea",3,1
"771",1,"female",19.4,435,24,20,1,2,"beer, fanta, cola, red bull, ice tea",1,0
"772",0,"female",26.8,425,109,20,0,1,"fanta, beer, ice tea, cola, red bull",3,0
"773",2,"female",23.3,475,8,20,1,2,"fanta, beer, cola, red bull, ice tea",3,0
"774",8,"male",35.8,265,38,22,0,5,"beer, fanta, cola, red bull, ice tea",3,1
"775",0,"female",40.6,352,13,22,0,1,"cola, ice tea, beer, fanta, red bull",2,0
"776",3,"female",44.7,463,178,24,0,3,"beer, ice tea, cola, red bull, fanta",3,1
"777",0,"female",25.1,303,9,21,1,1,"beer, fanta, red bull, cola, ice tea",3,0
"778",0,"female",31.7,41,89,21,0,1,"red bull, cola, fanta, ice tea, beer",2,0
"779",0,"male",37.1,490,31,25,0,1,"cola, red bull, beer, ice tea, fanta",3,0
"780",1,"female",45.9,79,337,21,0,2,"beer, fanta, cola, red bull, ice tea",2,0
"781",7,"male",31.9,322,79,23,0,5,"cola, beer, ice tea, red bull, fanta",1,1
"782",1,"female",41.1,400,121,20,0,1,"cola, fanta, beer, ice tea, red bull",2,0
"783",0,"female",21.9,94,20,22,1,1,"fanta, ice tea, cola, beer, red bull",3,0
"784",3,"female",24.1,67,11,20,0,4,"cola, beer, fanta, red bull, ice tea",2,1
"785",1,"male",24.2,154,9,27,1,2,"cola, beer, fanta, ice tea, red bull",3,0
"786",1,"male",43.5,400,121,25,0,2,"fanta, cola, red bull, beer, ice tea",1,0
"787",8,"male",49.2,139,186,25,0,5,"fanta, cola, ice tea, red bull, beer",3,1
"788",0,"female",29.1,259,23,17,0,1,"cola, fanta, red bull, ice tea, beer",3,0
"789",3,"male",39.1,106,14,28,0,3,"cola, fanta, beer, red bull, ice tea",2,0
"790",8,"male",31.1,174,115,21,0,5,"beer, fanta, cola, ice tea, red bull",3,1
"791",7,"male",27.5,112,19,26,0,5,"beer, fanta, ice tea, cola, red bull",1,1
"792",1,"female",19.2,71,16,23,1,1,"fanta, beer, cola, red bull, ice tea",3,1
"793",3,"male",31.3,170,74,27,0,2,"cola, red bull, fanta, beer, ice tea",1,0
"794",3,"female",30.2,410,71,19,0,2,"cola, beer, fanta, ice tea, red bull",2,0
"795",1,"female",34.3,354,115,22,0,1,"cola, red bull, ice tea, beer, fanta",3,0
"796",0,"female",41.4,434,24,16,0,1,"fanta, red bull, beer, cola, ice tea",3,0
"797",2,"male",28.5,256,12,23,0,1,"beer, ice tea, cola, red bull, fanta",3,1
"798",3,"female",23.5,250,7,20,1,3,"beer, fanta, cola, ice tea, red bull",3,1
"799",1,"male",29.5,155,57,27,0,1,"beer, fanta, cola, red bull, ice tea",3,0
"800",0,"female",46.7,244,274,20,0,1,"cola, fanta, beer, red bull, ice tea",3,0
"801",7,"male",23.7,386,4,24,1,4,"beer, ice tea, fanta, red bull, cola",3,1
"802",5,"male",24.4,461,23,22,0,5,"fanta, cola, ice tea, beer, red bull",3,0
"803",7,"female",42.7,309,70,19,0,3,"beer, cola, fanta, red bull, ice tea",3,1
"804",7,"female",28.7,322,79,19,0,4,"cola, fanta, beer, red bull, ice tea",2,1
"805",5,"female",18.2,84,22,23,1,4,"beer, cola, red bull, fanta, ice tea",2,1
"806",1,"female",22,81,8,20,1,1,"beer, fanta, ice tea, cola, red bull",1,0
"807",7,"female",32.3,493,83,19,0,4,"fanta, beer, ice tea, cola, red bull",2,1
"808",6,"male",26.4,447,14,27,0,4,"fanta, cola, red bull, beer, ice tea",3,1
"809",7,"male",36.2,73,27,25,0,5,"beer, fanta, red bull, cola, ice tea",3,1
"810",3,"male",30.5,279,4,26,0,2,"red bull, cola, beer, ice tea, fanta",3,0
"811",0,"male",34.7,101,20,23,0,1,"cola, fanta, beer, ice tea, red bull",3,0
"812",0,"male",22.8,217,20,23,1,1,"fanta, ice tea, beer, cola, red bull",3,0
"813",3,"male",40.1,127,152,22,0,2,"beer, cola, red bull, ice tea, fanta",1,0
"814",7,"female",21.1,87,20,22,1,5,"beer, cola, fanta, red bull, ice tea",3,1
"815",0,"male",33.6,370,45,25,0,1,"cola, beer, fanta, red bull, ice tea",1,0
"816",3,"male",24,306,15,28,1,2,"beer, fanta, ice tea, cola, red bull",3,0
"817",0,"male",31.1,140,20,24,0,1,"beer, cola, fanta, ice tea, red bull",3,0
"818",0,"female",34.2,388,25,21,0,1,"fanta, cola, beer, red bull, ice tea",2,0
"819",2,"female",19.9,443,3,19,1,2,"fanta, cola, ice tea, beer, red bull",1,1
"820",0,"female",26.4,176,1,20,0,1,"beer, cola, red bull, fanta, ice tea",3,0
"821",0,"female",35.7,40,222,18,0,1,"cola, red bull, fanta, beer, ice tea",1,0
"822",5,"male",39.4,76,71,23,0,4,"cola, fanta, ice tea, beer, red bull",3,0
"823",7,"female",36,457,223,21,0,4,"red bull, beer, cola, ice tea, fanta",3,1
"824",0,"female",38.8,402,24,18,0,1,"cola, fanta, ice tea, beer, red bull",3,0
"825",0,"male",31.2,137,74,24,0,1,"fanta, cola, red bull, ice tea, beer",3,0
"826",7,"female",25.4,489,80,17,0,4,"cola, fanta, red bull, beer, ice tea",1,1
"827",3,"male",44.1,485,236,27,0,3,"beer, red bull, cola, ice tea, fanta",3,0
"828",1,"female",28.3,60,24,19,0,2,"fanta, cola, red bull, beer, ice tea",2,0
"829",7,"female",40.3,282,193,21,0,5,"beer, fanta, cola, red bull, ice tea",2,1
"830",7,"female",19,331,13,19,1,5,"cola, fanta, red bull, beer, ice tea",3,1
"831",6,"female",31.4,324,54,20,0,5,"red bull, cola, fanta, beer, ice tea",1,0
"832",7,"male",39.1,187,95,26,0,4,"cola, fanta, red bull, beer, ice tea",3,1
"833",4,"female",34.9,169,67,23,0,4,"beer, cola, fanta, ice tea, red bull",3,0
"834",7,"male",49.8,161,68,25,0,4,"cola, red bull, beer, fanta, ice tea",3,0
"835",0,"female",41.6,377,177,21,0,1,"cola, red bull, fanta, beer, ice tea",3,0
"836",7,"female",47.5,455,184,18,0,4,"cola, fanta, beer, ice tea, red bull",3,1
"837",0,"female",39.3,302,177,18,0,1,"fanta, cola, beer, red bull, ice tea",1,0
"838",3,"female",39.2,479,204,21,0,4,"fanta, beer, cola, red bull, ice tea",3,1
"839",8,"male",22.1,468,16,27,1,5,"beer, fanta, red bull, cola, ice tea",3,1
"840",7,"male",29.8,7,59,27,0,5,"fanta, beer, cola, red bull, ice tea",3,1
"841",0,"female",27.5,330,96,20,0,1,"fanta, ice tea, cola, red bull, beer",3,0
"842",0,"male",26.9,353,95,19,1,1,"fanta, red bull, beer, cola, ice tea",3,0
"843",1,"female",36.2,412,128,21,0,1,"cola, ice tea, beer, fanta, red bull",3,0
"844",2,"male",24.4,317,13,27,0,1,"cola, fanta, red bull, beer, ice tea",1,1
"845",3,"male",31.8,284,14,29,0,1,"beer, cola, fanta, red bull, ice tea",3,1
"846",0,"female",24.3,108,16,19,1,1,"fanta, red bull, beer, cola, ice tea",3,0
"847",1,"female",23.7,126,18,23,1,3,"fanta, beer, cola, red bull, ice tea",3,0
"848",0,"male",23.3,25,5,30,0,1,"cola, fanta, red bull, beer, ice tea",3,0
"849",7,"female",28,54,103,18,0,5,"cola, red bull, beer, ice tea, fanta",3,0
"850",1,"male",24,142,17,25,0,1,"cola, fanta, beer, red bull, ice tea",2,0
"851",7,"male",23.8,34,21,24,0,NA,"cola, beer, red bull, fanta, ice tea",1,1
"852",1,"female",27.1,177,93,21,1,3,"fanta, beer, ice tea, red bull, cola",3,0
"853",2,"female",32.9,387,37,20,0,2,"cola, beer, ice tea, fanta, red bull",1,0
"854",0,"female",29.7,235,79,18,0,1,"cola, ice tea, beer, red bull, fanta",3,0
"855",8,"female",32.7,429,61,20,0,5,"cola, fanta, beer, ice tea, red bull",2,1
"856",0,"female",26.4,10,79,24,1,1,"fanta, beer, cola, red bull, ice tea",1,0
"857",0,"female",35.2,409,211,23,0,1,"cola, beer, ice tea, fanta, red bull",3,0
"858",3,"male",29.3,283,68,24,0,2,"cola, beer, fanta, red bull, ice tea",3,0
"859",1,"male",39.1,111,192,22,0,2,"beer, red bull, cola, ice tea, fanta",3,0
"860",0,"male",32,236,74,21,0,1,"cola, beer, ice tea, fanta, red bull",3,0
"861",0,"male",31.7,294,67,26,0,1,"beer, cola, ice tea, fanta, red bull",1,0
"862",8,"female",40.6,201,210,18,0,5,"cola, fanta, beer, red bull, ice tea",1,1
"863",5,"male",22,204,18,24,1,2,"fanta, beer, cola, ice tea, red bull",3,1
"864",3,"male",43.9,344,101,24,0,4,"red bull, ice tea, cola, beer, fanta",1,1
"865",7,"male",27.3,291,112,26,0,4,"cola, red bull, fanta, beer, ice tea",3,0
"866",7,"female",35.6,300,15,22,0,5,"red bull, ice tea, beer, cola, fanta",3,1
"867",3,"female",49.8,55,210,22,0,4,"cola, ice tea, red bull, fanta, beer",3,0
"868",7,"male",31.8,233,38,28,0,5,"ice tea, cola, fanta, beer, red bull",3,1
"869",3,"male",50,383,41,29,0,2,"cola, fanta, red bull, beer, ice tea",1,0
"870",8,"female",40.9,76,71,20,0,5,"fanta, cola, beer, red bull, ice tea",3,1
"871",0,"male",27.9,18,10,24,0,1,"fanta, red bull, cola, ice tea, beer",1,0
"872",3,"female",19.2,12,14,20,1,2,"beer, fanta, cola, red bull, ice tea",3,0
"873",0,"female",62.2,15,136,21,0,1,"beer, red bull, cola, fanta, ice tea",3,0
"874",0,"female",19.3,113,16,22,1,1,"fanta, cola, red bull, beer, ice tea",3,0
"875",0,"female",28.7,154,9,24,0,1,"ice tea, fanta, beer, cola, red bull",3,0
"876",3,"male",35.4,401,192,28,0,2,"fanta, beer, cola, red bull, ice tea",1,1
"877",0,"female",26,227,7,27,1,1,"fanta, cola, red bull, beer, ice tea",3,0
"878",1,"male",20.2,94,20,24,1,2,"beer, fanta, red bull, ice tea, cola",1,0
"879",4,"female",20.9,167,21,19,1,4,"fanta, beer, cola, red bull, ice tea",3,0
"880",0,"male",25.2,24,18,23,1,1,"beer, fanta, cola, ice tea, red bull",3,0
"881",1,"female",28.1,353,95,17,0,2,"beer, ice tea, red bull, cola, fanta",2,0
"882",8,"male",27.7,90,13,29,0,4,"fanta, cola, ice tea, beer, red bull",1,1
"883",8,"female",23.7,266,10,22,1,4,"fanta, cola, red bull, beer, ice tea",1,1
"884",8,"male",37.7,202,235,27,0,5,"fanta, cola, ice tea, red bull, beer",3,1
"885",2,"male",24.6,342,7,23,1,2,"fanta, red bull, cola, beer, ice tea",3,0
"886",1,"female",21.2,363,12,20,1,1,"ice tea, fanta, beer, cola, red bull",3,0
"887",0,"female",35.4,318,33,22,0,1,"beer, fanta, ice tea, cola, red bull",3,0
"888",1,"female",19.8,134,16,22,1,1,"fanta, cola, beer, ice tea, red bull",3,0
"889",2,"male",38.6,188,92,25,0,2,"beer, cola, fanta, ice tea, red bull",1,0
"890",0,"male",34.6,488,48,25,0,1,"cola, ice tea, fanta, beer, red bull",1,0
"891",7,"female",40.7,246,112,20,0,5,"cola, red bull, fanta, beer, ice tea",1,1
"892",0,"male",33.3,426,99,21,0,1,"beer, red bull, ice tea, cola, fanta",1,0
"893",7,"male",37.8,196,218,27,0,5,"fanta, cola, beer, ice tea, red bull",1,1
"894",7,"female",21.7,213,15,18,1,4,"cola, fanta, beer, ice tea, red bull",3,1
"895",0,"female",34.6,441,30,19,0,1,"ice tea, cola, beer, fanta, red bull",3,0
"896",0,"female",29.5,32,116,25,0,1,"fanta, cola, ice tea, red bull, beer",3,0
"897",1,"male",45.9,237,212,25,0,2,"red bull, cola, beer, fanta, ice tea",3,0
"898",2,"female",41.9,254,75,23,0,1,"cola, beer, red bull, fanta, ice tea",2,0
"899",7,"male",38.4,369,58,26,0,5,"fanta, cola, beer, ice tea, red bull",3,1
"900",0,"male",32.8,394,92,24,0,1,"fanta, red bull, beer, cola, ice tea",3,0
"901",2,"female",21,192,6,20,1,1,"cola, red bull, fanta, beer, ice tea",3,0
"902",0,"female",48.3,168,89,22,0,1,"beer, fanta, cola, red bull, ice tea",3,0
"903",3,"female",25.5,133,7,19,0,1,"cola, fanta, ice tea, beer, red bull",1,1
"904",3,"male",31.9,172,84,25,0,4,"fanta, cola, ice tea, beer, red bull",2,1
"905",1,"male",23.9,214,18,23,1,1,"fanta, ice tea, red bull, beer, cola",3,0
"906",7,"male",26.5,482,8,24,1,3,"fanta, beer, cola, ice tea, red bull",2,1
"907",8,"male",42.1,201,210,22,0,5,"cola, ice tea, beer, red bull, fanta",2,1
"908",1,"female",22.1,128,4,18,1,1,"beer, fanta, cola, red bull, ice tea",1,0
"909",0,"male",30.6,43,90,27,0,1,"cola, ice tea, fanta, beer, red bull",2,0
"910",1,"female",21.4,482,8,17,1,2,"fanta, red bull, beer, cola, ice tea",3,1
"911",3,"male",29.6,278,23,27,0,1,"fanta, beer, cola, ice tea, red bull",2,1
"912",1,"female",32.7,327,120,19,0,1,"ice tea, cola, red bull, fanta, beer",1,0
"913",0,"male",41.5,120,97,26,0,1,"ice tea, fanta, cola, red bull, beer",3,0
"914",1,"female",47.8,121,350,21,0,1,"red bull, beer, cola, fanta, ice tea",1,0
"915",0,"male",24.4,267,8,26,0,1,"cola, fanta, beer, ice tea, red bull",2,0
"916",3,"male",21.4,435,24,27,1,2,"fanta, cola, beer, red bull, ice tea",1,0
"917",0,"female",34.8,43,90,21,0,1,"cola, beer, ice tea, red bull, fanta",3,0
"918",2,"female",45,277,31,19,0,1,"cola, beer, ice tea, fanta, red bull",1,0
"919",1,"male",46.1,38,115,28,0,NA,"cola, beer, ice tea, fanta, red bull",3,1
"920",0,"male",25.2,145,37,23,0,1,"red bull, cola, fanta, beer, ice tea",1,0
"921",1,"male",27.8,210,83,25,0,1,"cola, fanta, red bull, beer, ice tea",3,0
"922",1,"female",37.1,106,14,24,0,2,"red bull, cola, beer, fanta, ice tea",3,1
"923",7,"female",35.8,351,54,16,0,4,"cola, beer, ice tea, fanta, red bull",1,1
"924",8,"male",41.2,125,212,27,0,5,"beer, cola, ice tea, fanta, red bull",3,1
"925",1,"male",25.4,68,29,27,0,2,"red bull, fanta, cola, beer, ice tea",3,0
"926",0,"female",35.9,368,219,19,0,1,"cola, red bull, fanta, beer, ice tea",3,0
"927",5,"female",24.7,98,10,20,1,4,"fanta, beer, ice tea, cola, red bull",2,0
"928",3,"male",39,254,75,30,2,2,"ice tea, fanta, cola, red bull, beer",2,0
"929",2,"female",19.6,173,22,19,1,2,"fanta, cola, beer, red bull, ice tea",3,0
"930",0,"female",33,200,17,19,0,1,"cola, ice tea, beer, red bull, fanta",3,0
"931",1,"female",18.7,100,21,25,1,2,"cola, fanta, red bull, ice tea, beer",3,0
"932",8,"female",32.7,265,38,20,0,4,"cola, ice tea, red bull, beer, fanta",3,1
"933",4,"female",24.3,452,12,22,1,4,"red bull, fanta, beer, cola, ice tea",3,1
"934",1,"female",26.1,155,57,22,0,2,"fanta, cola, red bull, ice tea, beer",3,0
"935",1,"female",19.4,478,24,19,1,3,"beer, fanta, red bull, cola, ice tea",3,0
"936",0,"male",29.3,313,114,31,0,1,"cola, beer, ice tea, fanta, red bull",3,0
"937",1,"female",36.1,305,13,25,0,1,"cola, ice tea, fanta, beer, red bull",1,0
"938",4,"male",34.7,289,62,26,0,4,"fanta, beer, cola, ice tea, red bull",3,1
"939",1,"male",37.4,119,86,22,0,2,"cola, red bull, beer, ice tea, fanta",2,0
"940",0,"female",39.1,248,109,20,0,1,"ice tea, cola, fanta, beer, red bull",3,0
"941",1,"male",43.7,245,142,28,0,2,"ice tea, beer, fanta, cola, red bull",3,0
"942",1,"female",33.3,160,80,20,0,3,"beer, red bull, cola, ice tea, fanta",3,0
"943",0,"female",32.6,143,69,19,0,1,"cola, beer, fanta, red bull, ice tea",3,0
"944",8,"male",23.5,288,20,26,0,5,"cola, beer, red bull, fanta, ice tea",1,1
"945",0,"male",35.8,218,106,23,0,1,"fanta, beer, cola, ice tea, red bull",3,0
"946",3,"male",34.3,165,4,27,0,4,"beer, cola, red bull, ice tea, fanta",1,0
"947",2,"female",21.6,467,18,21,1,2,"fanta, beer, cola, ice tea, red bull",3,0
"948",3,"female",29.1,141,52,21,0,3,"cola, red bull, ice tea, fanta, beer",3,0
"949",7,"female",34.8,316,90,18,0,4,"cola, red bull, beer, ice tea, fanta",2,1
"950",0,"male",34.5,57,86,27,0,1,"cola, fanta, beer, red bull, ice tea",1,0
"951",0,"female",27.4,403,45,17,0,1,"beer, cola, ice tea, red bull, fanta",2,0
"952",1,"female",26.9,418,78,22,0,1,"cola, fanta, ice tea, beer, red bull",3,0
"953",0,"male",34.4,122,12,25,0,1,"cola, beer, fanta, red bull, ice tea",2,0
"954",3,"female",18.3,393,16,17,1,2,"cola, fanta, beer, red bull, ice tea",3,1
"955",8,"female",23.3,342,7,20,1,5,"beer, red bull, cola, fanta, ice tea",2,1
"956",2,"female",29.7,376,90,20,0,2,"beer, cola, fanta, red bull, ice tea",3,1
"957",8,"male",37.4,30,106,24,0,NA,"red bull, ice tea, beer, cola, fanta",3,1
"958",7,"male",39.2,58,201,23,0,4,"cola, red bull, beer, fanta, ice tea",3,1
"959",0,"female",24,389,3,19,1,1,"fanta, cola, beer, ice tea, red bull",3,0
"960",0,"female",21.3,241,11,20,1,1,"fanta, beer, cola, red bull, ice tea",3,0
"961",1,"male",45.6,340,109,24,0,2,"cola, ice tea, fanta, beer, red bull",3,0
"962",3,"male",40.4,47,121,26,0,3,"beer, red bull, cola, fanta, ice tea",1,1
"963",0,"male",30.5,384,56,30,0,1,"beer, red bull, cola, ice tea, fanta",3,0
"964",0,"male",37,105,23,22,0,1,"cola, fanta, red bull, beer, ice tea",3,0
"965",0,"female",27.4,233,38,20,0,1,"cola, fanta, beer, red bull, ice tea",3,0
"966",2,"female",40,344,101,21,0,2,"cola, fanta, beer, ice tea, red bull",3,0
"967",0,"female",19,445,24,21,1,1,"cola, beer, fanta, ice tea, red bull",1,0
"968",0,"male",22.5,100,21,30,1,1,"fanta, cola, beer, ice tea, red bull",1,0
"969",0,"female",33.7,180,1,20,0,1,"beer, cola, red bull, fanta, ice tea",1,0
"970",7,"male",25.8,116,8,26,0,4,"fanta, cola, red bull, ice tea, beer",3,0
"971",3,"male",57.7,166,294,28,0,2,"cola, beer, red bull, ice tea, fanta",2,0
"972",8,"female",32,149,9,21,0,5,"cola, ice tea, fanta, beer, red bull",1,1
"973",7,"male",21.2,312,16,18,0,4,"red bull, beer, cola, fanta, ice tea",1,1
"974",2,"female",31,99,98,19,0,3,"cola, beer, fanta, ice tea, red bull",3,0
"975",3,"female",30.5,19,51,22,0,1,"red bull, fanta, cola, ice tea, beer",2,0
"976",1,"female",24.6,367,23,20,1,2,"cola, fanta, red bull, beer, ice tea",2,1
"977",0,"male",46.5,494,186,26,0,1,"fanta, cola, beer, red bull, ice tea",3,0
"978",7,"male",24.8,3,17,22,0,4,"red bull, cola, beer, ice tea, fanta",1,0
"979",3,"female",29.9,197,120,19,0,2,"beer, red bull, cola, fanta, ice tea",1,0
"980",7,"male",48.2,152,214,29,0,5,"cola, beer, fanta, ice tea, red bull",3,1
"981",8,"male",47.1,97,177,25,0,5,"red bull, cola, beer, fanta, ice tea",3,1
"982",7,"male",41.7,69,124,27,0,4,"red bull, beer, cola, ice tea, fanta",1,1
"983",7,"male",21.5,224,12,25,1,4,"beer, red bull, fanta, ice tea, cola",3,1
"984",6,"male",27.8,258,13,22,0,3,"ice tea, beer, cola, red bull, fanta",1,0
"985",0,"female",31.6,96,67,21,0,1,"cola, beer, red bull, fanta, ice tea",2,0
"986",2,"male",21.3,186,9,26,1,1,"beer, cola, fanta, ice tea, red bull",1,0
"987",1,"female",26.1,77,119,19,0,2,"fanta, cola, beer, ice tea, red bull",2,1
"988",3,"male",37.3,390,103,22,0,3,"cola, fanta, red bull, beer, ice tea",3,0
"989",3,"male",22.3,280,23,25,1,3,"fanta, beer, ice tea, cola, red bull",3,1
"990",2,"male",32.6,287,25,23,0,2,"cola, fanta, beer, ice tea, red bull",3,1
"991",1,"male",24.3,269,7,25,0,3,"cola, red bull, fanta, ice tea, beer",2,0
"992",1,"female",18.8,280,23,22,1,1,"fanta, cola, beer, red bull, ice tea",3,0
"993",7,"female",22.8,461,23,19,1,4,"fanta, cola, beer, red bull, ice tea",3,1
"994",1,"female",27.7,234,78,21,0,2,"cola, red bull, beer, ice tea, fanta",3,0
"995",0,"male",30,143,69,24,0,1,"fanta, cola, beer, red bull, ice tea",1,0
"996",7,"male",33.4,493,83,22,0,4,"cola, fanta, beer, ice tea, red bull",3,1
"997",8,"female",37.7,343,36,21,0,5,"cola, beer, fanta, red bull, ice tea",3,1
"998",2,"male",19.1,226,14,21,1,2,"beer, fanta, cola, red bull, ice tea",1,0
"999",3,"male",24.8,2,4,23,0,1,"cola, red bull, ice tea, beer, fanta",3,0
"1000",2,"male",33.2,51,38,26,0,2,"red bull, beer, ice tea, cola, fanta",1,0
